Sample,Genus,Count,Treatment_leaflet,Treatment_replicate,Treatment_binned,Treatment_binned_early-late
A_1_1_15,Robillarda,1,A_1_1,A_1,A,A
A_1_1_3,Pestalotiopsis,1,A_1_1,A_1,A,A
A_1_1_8,Seimatosporium,1,A_1_1,A_1,A,A
A_1_2_10,Heliscus,1,A_1_2,A_1,A,A
A_1_2_12,Cladosporium,1,A_1_2,A_1,A,A
A_1_2_13,Seimatosporium,1,A_1_2,A_1,A,A
A_1_2_14,Penicillium,1,A_1_2,A_1,A,A
A_1_2_16,Heliscus,1,A_1_2,A_1,A,A
A_1_2_17,Discosia,1,A_1_2,A_1,A,A
A_1_2_18,Pestalotiopsis,1,A_1_2,A_1,A,A
A_1_2_19,Pestalotiopsis,1,A_1_2,A_1,A,A
A_1_2_2,Discosia,1,A_1_2,A_1,A,A
A_1_2_20,Seimatosporium,1,A_1_2,A_1,A,A
A_1_2_21,Seimatosporium,1,A_1_2,A_1,A,A
A_1_2_22,Heliscus,1,A_1_2,A_1,A,A
A_1_2_25,Hypoxylon,1,A_1_2,A_1,A,A
A_1_2_4,Pestalotiopsis,1,A_1_2,A_1,A,A
A_1_2_5,Heliscus,1,A_1_2,A_1,A,A
A_1_2_6,Pestalotiopsis,1,A_1_2,A_1,A,A
A_1_2_7,Pestalotiopsis,1,A_1_2,A_1,A,A
A_1_2_8,Dictyochaeta,1,A_1_2,A_1,A,A
A_1_2_9,Heliscus,1,A_1_2,A_1,A,A
A_1_3_13,Discosia,1,A_1_3,A_1,A,A
A_1_3_14,Discosia,1,A_1_3,A_1,A,A
A_1_3_15,Pestalotiopsis,1,A_1_3,A_1,A,A
A_1_3_18,Robillarda,1,A_1_3,A_1,A,A
A_1_3_7,Discosia,1,A_1_3,A_1,A,A
A_1_4_13,Seimatosporium,1,A_1_4,A_1,A,A
A_1_4_15,Discosia,1,A_1_4,A_1,A,A
A_1_4_18,Discosia,1,A_1_4,A_1,A,A
A_1_4_19,Discosia,1,A_1_4,A_1,A,A
A_1_4_2,Seimatosporium,1,A_1_4,A_1,A,A
A_1_4_20,Pestalotiopsis,1,A_1_4,A_1,A,A
A_1_4_22,Seimatosporium,1,A_1_4,A_1,A,A
A_1_4_3,Seimatosporium,1,A_1_4,A_1,A,A
A_1_4_6,Heliscus,1,A_1_4,A_1,A,A
A_1_5_1,Discosia,1,A_1_5,A_1,A,A
A_1_5_10,Pestalotiopsis,1,A_1_5,A_1,A,A
A_1_5_12,Trichoderma,1,A_1_5,A_1,A,A
A_1_5_13,Pestalotiopsis,1,A_1_5,A_1,A,A
A_1_5_15,Discosia,1,A_1_5,A_1,A,A
A_1_5_16,Seimatosporium,1,A_1_5,A_1,A,A
A_1_5_20,Botryosphaeria,1,A_1_5,A_1,A,A
A_1_5_21,Discosia,1,A_1_5,A_1,A,A
A_1_5_23,Volutella,1,A_1_5,A_1,A,A
A_1_5_24,Xylaria,1,A_1_5,A_1,A,A
A_1_5_25,Discosia,1,A_1_5,A_1,A,A
A_1_5_3,Pestalotiopsis,1,A_1_5,A_1,A,A
A_1_5_5,Botryosphaeria,1,A_1_5,A_1,A,A
A_1_5_6,Discosia,1,A_1_5,A_1,A,A
A_1_5_7,Discosia,1,A_1_5,A_1,A,A
A_1_5_8,Discosia,1,A_1_5,A_1,A,A
A_2_1_1,Pestalotiopsis,1,A_2_1,A_2,A,A
A_2_1_10,Penicillium,1,A_2_1,A_2,A,A
A_2_1_17,Discosia,1,A_2_1,A_2,A,A
A_2_1_5,Penicillium,1,A_2_1,A_2,A,A
A_2_2_21,Eutypa,1,A_2_2,A_2,A,A
A_2_2_4,Pestalotiopsis,1,A_2_2,A_2,A,A
A_2_2_6,Pestalotiopsis,1,A_2_2,A_2,A,A
A_2_3_11,Thozetella,1,A_2_3,A_2,A,A
A_2_3_13,Xylaria,1,A_2_3,A_2,A,A
A_2_3_14,Xylaria,1,A_2_3,A_2,A,A
A_2_3_15,Daldinia,1,A_2_3,A_2,A,A
A_2_3_16,Xylaria,1,A_2_3,A_2,A,A
A_2_3_19,Xylaria,1,A_2_3,A_2,A,A
A_2_3_2,Xylaria,1,A_2_3,A_2,A,A
A_2_3_20,Xylaria,1,A_2_3,A_2,A,A
A_2_3_22,Xylaria,1,A_2_3,A_2,A,A
A_2_3_23,Xylaria,1,A_2_3,A_2,A,A
A_2_3_3,Xylaria,1,A_2_3,A_2,A,A
A_2_3_4,Xylaria,1,A_2_3,A_2,A,A
A_2_3_6,Xylaria,1,A_2_3,A_2,A,A
A_2_3_7,Xylaria,1,A_2_3,A_2,A,A
A_2_3_8,Xylaria,1,A_2_3,A_2,A,A
A_2_3_9,Xylaria,1,A_2_3,A_2,A,A
A_2_4_15,Penicillium,1,A_2_4,A_2,A,A
A_2_4_23,Penicillium,1,A_2_4,A_2,A,A
A_2_4_7,Microdochium,1,A_2_4,A_2,A,A
A_2_4_8,Seimatosporium,1,A_2_4,A_2,A,A
A_2_5_12,Endomelanconiopsis,1,A_2_5,A_2,A,A
A_2_5_14,Pestalotiopsis,1,A_2_5,A_2,A,A
A_2_5_17,Penicillium,1,A_2_5,A_2,A,A
A_2_5_18,Penicillium,1,A_2_5,A_2,A,A
A_2_5_23,Penicillium,1,A_2_5,A_2,A,A
A_2_5_4,Penicillium,1,A_2_5,A_2,A,A
A_2_5_6,Entonaema,1,A_2_5,A_2,A,A
A_3_2_12,Entonaema,1,A_3_2,A_3,A,A
A_3_2_16,Preussia,1,A_3_2,A_3,A,A
A_3_2_8,Rosellinia,1,A_3_2,A_3,A,A
A_3_3_12,Xylaria,1,A_3_3,A_3,A,A
A_3_3_24,Xylaria,1,A_3_3,A_3,A,A
A_3_5_16,Penicillium,1,A_3_5,A_3,A,A
A_3_5_4,Xylaria,1,A_3_5,A_3,A,A
A_3_5_6,Trichoderma,1,A_3_5,A_3,A,A
A_3_5_7,Rosellinia,1,A_3_5,A_3,A,A
A_3_5_8,Trichoderma,1,A_3_5,A_3,A,A
A_4_1_12,Geosmithia,1,A_4_1,A_4,A,A
A_4_1_13,Pseudovalsaria,1,A_4_1,A_4,A,A
A_4_1_18,Morchella,1,A_4_1,A_4,A,A
A_4_1_2,Geosmithia,1,A_4_1,A_4,A,A
A_4_1_21,Coniolariella,1,A_4_1,A_4,A,A
A_4_2_1,Trichoderma,1,A_4_2,A_4,A,A
A_4_2_12,Pseudovalsaria,1,A_4_2,A_4,A,A
A_4_2_14,Trichoderma,1,A_4_2,A_4,A,A
A_4_2_18,Trichoderma,1,A_4_2,A_4,A,A
A_4_2_22,Trichoderma,1,A_4_2,A_4,A,A
A_4_2_25,Trichoderma,1,A_4_2,A_4,A,A
A_4_2_5,Anthostomella,1,A_4_2,A_4,A,A
A_4_2_6,Eutypa,1,A_4_2,A_4,A,A
A_4_3_12,Hypocrea / Trichoderma,1,A_4_3,A_4,A,A
A_4_3_14,Pseudovalsaria,1,A_4_3,A_4,A,A
A_4_3_15,Hypocrea / Trichoderma,1,A_4_3,A_4,A,A
A_4_3_21,Penicillium,1,A_4_3,A_4,A,A
A_4_3_3,Bionectria,1,A_4_3,A_4,A,A
A_4_3_7,Hypocrea / Trichoderma,1,A_4_3,A_4,A,A
A_4_4_10,Phoma,1,A_4_4,A_4,A,A
A_4_5_19,Entonaema,1,A_4_5,A_4,A,A
A_4_5_2,Coniolariella,1,A_4_5,A_4,A,A
A_4_5_21,Hypocrea / Trichoderma,1,A_4_5,A_4,A,A
A_4_5_25,Pseudovalsaria,1,A_4_5,A_4,A,A
A_4_5_7,Xylaria,1,A_4_5,A_4,A,A
A_4_5_8,Pestalotiopsis,1,A_4_5,A_4,A,A
DR_10_1_11,Mycoleptodiscus,1,DR_10_1,DR_10,DR,DR_late
DR_10_1_12,Pestalotiopsis,1,DR_10_1,DR_10,DR,DR_late
DR_10_1_15,Guignardia,1,DR_10_1,DR_10,DR,DR_late
DR_10_1_6,Pestalotiopsis,1,DR_10_1,DR_10,DR,DR_late
DR_10_1_7,Entonaema,1,DR_10_1,DR_10,DR,DR_late
DR_10_1_9,Oidiodendron,1,DR_10_1,DR_10,DR,DR_late
DR_10_2_14,Discosia,1,DR_10_2,DR_10,DR,DR_late
DR_10_2_19,Microdochium,1,DR_10_2,DR_10,DR,DR_late
DR_10_2_2,Lasiodiplodia,1,DR_10_2,DR_10,DR,DR_late
DR_10_2_3,Valsa,1,DR_10_2,DR_10,DR,DR_late
DR_10_2_7,Daldinia,1,DR_10_2,DR_10,DR,DR_late
DR_10_3_14,Lasiodiplodia,1,DR_10_3,DR_10,DR,DR_late
DR_10_4_1,Fusarium,1,DR_10_4,DR_10,DR,DR_late
DR_10_4_11,Discosia,1,DR_10_4,DR_10,DR,DR_late
DR_10_4_15,Cladobotryum,1,DR_10_4,DR_10,DR,DR_late
DR_10_4_19,Microdochium,1,DR_10_4,DR_10,DR,DR_late
DR_10_4_24,Fusarium,1,DR_10_4,DR_10,DR,DR_late
DR_10_4_25,Geosmithia,1,DR_10_4,DR_10,DR,DR_late
DR_10_4_7,Fusarium,1,DR_10_4,DR_10,DR,DR_late
DR_10_4_8,Geosmithia,1,DR_10_4,DR_10,DR,DR_late
DR_10_5_4,Diaporthe,1,DR_10_5,DR_10,DR,DR_late
DR_10_6_15,Geosmithia,1,DR_10_6,DR_10,DR,DR_late
DR_10_6_16,Xylaria,1,DR_10_6,DR_10,DR,DR_late
DR_10_6_17,Xylaria,1,DR_10_6,DR_10,DR,DR_late
DR_10_6_18,Geosmithia,1,DR_10_6,DR_10,DR,DR_late
DR_10_6_20,Geosmithia,1,DR_10_6,DR_10,DR,DR_late
DR_10_6_4,Colletotrichum,1,DR_10_6,DR_10,DR,DR_late
DR_10_7_16,Botryosphaeria,1,DR_10_7,DR_10,DR,DR_late
DR_10_7_17,Botryosphaeria,1,DR_10_7,DR_10,DR,DR_late
DR_10_7_20,Discosia,1,DR_10_7,DR_10,DR,DR_late
DR_10_7_7,Discosia,1,DR_10_7,DR_10,DR,DR_late
DR_10_8_1,Coniolariella,1,DR_10_8,DR_10,DR,DR_late
DR_10_8_11,Pestalotiopsis,1,DR_10_8,DR_10,DR,DR_late
DR_10_8_13,Xylaria,1,DR_10_8,DR_10,DR,DR_late
DR_10_8_14,Fusarium,1,DR_10_8,DR_10,DR,DR_late
DR_10_8_19,Pestalotiopsis,1,DR_10_8,DR_10,DR,DR_late
DR_10_8_21,Geosmithia,1,DR_10_8,DR_10,DR,DR_late
DR_10_8_5,Fusarium,1,DR_10_8,DR_10,DR,DR_late
DR_10_8_9,Pestalotiopsis,1,DR_10_8,DR_10,DR,DR_late
DR_10_9_15,Xylaria,1,DR_10_9,DR_10,DR,DR_late
DR_11_1_1,Botryosphaeria,1,DR_11_1,DR_11,DR,DR_late
DR_11_1_15,Coniolariella,1,DR_11_1,DR_11,DR,DR_late
DR_11_1_20,Coniolariella,1,DR_11_1,DR_11,DR,DR_late
DR_11_1_4,Pestalotiopsis,1,DR_11_1,DR_11,DR,DR_late
DR_11_1_8,Xylaria,1,DR_11_1,DR_11,DR,DR_late
DR_11_10_1,Xylaria,1,DR_11_10,DR_11,DR,DR_late
DR_11_10_10,Nemania,1,DR_11_10,DR_11,DR,DR_late
DR_11_10_11,Pseudovalsaria,1,DR_11_10,DR_11,DR,DR_late
DR_11_10_12,Xylaria,1,DR_11_10,DR_11,DR,DR_late
DR_11_10_15,Fusarium,1,DR_11_10,DR_11,DR,DR_late
DR_11_10_16,Morchella,1,DR_11_10,DR_11,DR,DR_late
DR_11_10_17,Fusarium,1,DR_11_10,DR_11,DR,DR_late
DR_11_10_18,Fusarium,1,DR_11_10,DR_11,DR,DR_late
DR_11_10_19,Xylaria,1,DR_11_10,DR_11,DR,DR_late
DR_11_10_21,Geosmithia,1,DR_11_10,DR_11,DR,DR_late
DR_11_10_23,Pseudovalsaria,1,DR_11_10,DR_11,DR,DR_late
DR_11_10_25,Fusarium,1,DR_11_10,DR_11,DR,DR_late
DR_11_10_5,Geosmithia,1,DR_11_10,DR_11,DR,DR_late
DR_11_10_6,Xylaria,1,DR_11_10,DR_11,DR,DR_late
DR_11_10_8,Fusarium,1,DR_11_10,DR_11,DR,DR_late
DR_11_2_10,Fusarium,1,DR_11_2,DR_11,DR,DR_late
DR_11_2_11,Fusarium,1,DR_11_2,DR_11,DR,DR_late
DR_11_2_13,Fusarium,1,DR_11_2,DR_11,DR,DR_late
DR_11_2_16,Scytalidium,1,DR_11_2,DR_11,DR,DR_late
DR_11_2_19,Fusarium,1,DR_11_2,DR_11,DR,DR_late
DR_11_2_22,Fusarium,1,DR_11_2,DR_11,DR,DR_late
DR_11_2_23,Fusarium,1,DR_11_2,DR_11,DR,DR_late
DR_11_2_24,Geosmithia,1,DR_11_2,DR_11,DR,DR_late
DR_11_2_3,Botryosphaeria,1,DR_11_2,DR_11,DR,DR_late
DR_11_2_5,Fusarium,1,DR_11_2,DR_11,DR,DR_late
DR_11_2_7,Fusarium,1,DR_11_2,DR_11,DR,DR_late
DR_11_3_13,Xylaria,1,DR_11_3,DR_11,DR,DR_late
DR_11_3_18,Pestalotiopsis,1,DR_11_3,DR_11,DR,DR_late
DR_11_3_21,Oidiodendron,1,DR_11_3,DR_11,DR,DR_late
DR_11_3_23,Xylaria,1,DR_11_3,DR_11,DR,DR_late
DR_11_3_24,Xylaria,1,DR_11_3,DR_11,DR,DR_late
DR_11_4_16,Xylaria,1,DR_11_4,DR_11,DR,DR_late
DR_11_4_17,Geosmithia,1,DR_11_4,DR_11,DR,DR_late
DR_11_4_24,Coniolariella,1,DR_11_4,DR_11,DR,DR_late
DR_11_4_3,Pseudovalsaria,1,DR_11_4,DR_11,DR,DR_late
DR_11_4_9,Diaporthe,1,DR_11_4,DR_11,DR,DR_late
DR_11_5_10,Botryosphaeria,1,DR_11_5,DR_11,DR,DR_late
DR_11_5_11,Botryosphaeria,1,DR_11_5,DR_11,DR,DR_late
DR_11_5_12,Pestalotiopsis,1,DR_11_5,DR_11,DR,DR_late
DR_11_5_16,Botryosphaeria,1,DR_11_5,DR_11,DR,DR_late
DR_11_5_19,Geosmithia,1,DR_11_5,DR_11,DR,DR_late
DR_11_5_22,Botryosphaeria,1,DR_11_5,DR_11,DR,DR_late
DR_11_5_4,Valsa,1,DR_11_5,DR_11,DR,DR_late
DR_11_5_6,Botryosphaeria,1,DR_11_5,DR_11,DR,DR_late
DR_11_5_9,Botryosphaeria,1,DR_11_5,DR_11,DR,DR_late
DR_11_6_1,Xylaria,1,DR_11_6,DR_11,DR,DR_late
DR_11_6_10,Pestalotiopsis,1,DR_11_6,DR_11,DR,DR_late
DR_11_6_11,Xylaria,1,DR_11_6,DR_11,DR,DR_late
DR_11_6_16,Discosia,1,DR_11_6,DR_11,DR,DR_late
DR_11_6_18,Geosmithia,1,DR_11_6,DR_11,DR,DR_late
DR_11_6_19,Fusarium,1,DR_11_6,DR_11,DR,DR_late
DR_11_6_2,Xylaria,1,DR_11_6,DR_11,DR,DR_late
DR_11_6_20,Fusarium,1,DR_11_6,DR_11,DR,DR_late
DR_11_6_21,Cladobotryum,1,DR_11_6,DR_11,DR,DR_late
DR_11_6_24,Colletotrichum,1,DR_11_6,DR_11,DR,DR_late
DR_11_6_4,Entonaema,1,DR_11_6,DR_11,DR,DR_late
DR_11_6_6,Endomelanconiopsis,1,DR_11_6,DR_11,DR,DR_late
DR_11_7_10,Microdochium,1,DR_11_7,DR_11,DR,DR_late
DR_11_7_11,Cyphellophora,1,DR_11_7,DR_11,DR,DR_late
DR_11_7_12,Xylaria,1,DR_11_7,DR_11,DR,DR_late
DR_11_7_13,Nemania,1,DR_11_7,DR_11,DR,DR_late
DR_11_7_14,Thozetella,1,DR_11_7,DR_11,DR,DR_late
DR_11_7_16,Coniolariella,1,DR_11_7,DR_11,DR,DR_late
DR_11_7_17,Pestalotiopsis,1,DR_11_7,DR_11,DR,DR_late
DR_11_7_20,Daldinia,1,DR_11_7,DR_11,DR,DR_late
DR_11_7_23,Entonaema,1,DR_11_7,DR_11,DR,DR_late
DR_11_7_24,Dokmaia,1,DR_11_7,DR_11,DR,DR_late
DR_11_7_25,Pestalotiopsis,1,DR_11_7,DR_11,DR,DR_late
DR_11_7_4,Daldinia,1,DR_11_7,DR_11,DR,DR_late
DR_11_7_5,Bionectria,1,DR_11_7,DR_11,DR,DR_late
DR_11_7_9,Xylaria,1,DR_11_7,DR_11,DR,DR_late
DR_11_8_14,Geosmithia,1,DR_11_8,DR_11,DR,DR_late
DR_11_8_15,Valsa,1,DR_11_8,DR_11,DR,DR_late
DR_11_8_19,Fusarium,1,DR_11_8,DR_11,DR,DR_late
DR_11_8_20,Fusarium,1,DR_11_8,DR_11,DR,DR_late
DR_11_8_22,Geosmithia,1,DR_11_8,DR_11,DR,DR_late
DR_11_8_23,Morchella,1,DR_11_8,DR_11,DR,DR_late
DR_11_8_3,Fusarium,1,DR_11_8,DR_11,DR,DR_late
DR_11_8_4,Coniolariella,1,DR_11_8,DR_11,DR,DR_late
DR_11_8_8,Fusarium,1,DR_11_8,DR_11,DR,DR_late
DR_11_9_17,Discosia,1,DR_11_9,DR_11,DR,DR_late
DR_11_9_20,Xylaria,1,DR_11_9,DR_11,DR,DR_late
DR_11_9_21,Scolecobasidium,1,DR_11_9,DR_11,DR,DR_late
DR_11_9_3,Pestalotiopsis,1,DR_11_9,DR_11,DR,DR_late
DR_11_9_6,Microdochium,1,DR_11_9,DR_11,DR,DR_late
DR_12_1_10,Nemania,1,DR_12_1,DR_12,DR,DR_late
DR_12_1_11,Anthostomella,1,DR_12_1,DR_12,DR,DR_late
DR_12_1_12,Diaporthe,1,DR_12_1,DR_12,DR,DR_late
DR_12_1_21,Xylaria,1,DR_12_1,DR_12,DR,DR_late
DR_12_1_23,Xylaria,1,DR_12_1,DR_12,DR,DR_late
DR_12_10_1,Fusarium,1,DR_12_10,DR_12,DR,DR_late
DR_12_10_13,Phaeoacremonium,1,DR_12_10,DR_12,DR,DR_late
DR_12_10_18,Xylaria,1,DR_12_10,DR_12,DR,DR_late
DR_12_10_19,Xylaria,1,DR_12_10,DR_12,DR,DR_late
DR_12_10_21,Nemania,1,DR_12_10,DR_12,DR,DR_late
DR_12_10_22,Pseudovalsaria,1,DR_12_10,DR_12,DR,DR_late
DR_12_10_23,Fusarium,1,DR_12_10,DR_12,DR,DR_late
DR_12_10_24,Xylaria,1,DR_12_10,DR_12,DR,DR_late
DR_12_10_25,Entonaema,1,DR_12_10,DR_12,DR,DR_late
DR_12_10_5,Xylaria,1,DR_12_10,DR_12,DR,DR_late
DR_12_10_6,Xylaria,1,DR_12_10,DR_12,DR,DR_late
DR_12_10_8,Xylaria,1,DR_12_10,DR_12,DR,DR_late
DR_12_10_9,Geosmithia,1,DR_12_10,DR_12,DR,DR_late
DR_12_2_10,Fusarium,1,DR_12_2,DR_12,DR,DR_late
DR_12_2_11,Xylaria,1,DR_12_2,DR_12,DR,DR_late
DR_12_2_15,Fusarium,1,DR_12_2,DR_12,DR,DR_late
DR_12_2_17,Fusarium,1,DR_12_2,DR_12,DR,DR_late
DR_12_2_19,Fusarium,1,DR_12_2,DR_12,DR,DR_late
DR_12_2_2,Entonaema,1,DR_12_2,DR_12,DR,DR_late
DR_12_2_21,Stachybotrys,1,DR_12_2,DR_12,DR,DR_late
DR_12_2_22,Valsa,1,DR_12_2,DR_12,DR,DR_late
DR_12_2_23,Pestalotiopsis,1,DR_12_2,DR_12,DR,DR_late
DR_12_2_24,Fusarium,1,DR_12_2,DR_12,DR,DR_late
DR_12_2_3,Kylindria,1,DR_12_2,DR_12,DR,DR_late
DR_12_2_9,Geosmithia,1,DR_12_2,DR_12,DR,DR_late
DR_12_3_18,Beauveria,1,DR_12_3,DR_12,DR,DR_late
DR_12_3_24,Cyphellophora,1,DR_12_3,DR_12,DR,DR_late
DR_12_3_25,Preussia,1,DR_12_3,DR_12,DR,DR_late
DR_12_3_8,Beauveria,1,DR_12_3,DR_12,DR,DR_late
DR_12_4_10,Coniolariella,1,DR_12_4,DR_12,DR,DR_late
DR_12_4_12,Coniolariella,1,DR_12_4,DR_12,DR,DR_late
DR_12_4_14,Coniolariella,1,DR_12_4,DR_12,DR,DR_late
DR_12_4_17,Pseudovalsaria,1,DR_12_4,DR_12,DR,DR_late
DR_12_4_20,Colletotrichum,1,DR_12_4,DR_12,DR,DR_late
DR_12_4_21,Entonaema,1,DR_12_4,DR_12,DR,DR_late
DR_12_4_24,Hypoxylon,1,DR_12_4,DR_12,DR,DR_late
DR_12_4_4,Xylaria,1,DR_12_4,DR_12,DR,DR_late
DR_12_4_5,Entonaema,1,DR_12_4,DR_12,DR,DR_late
DR_12_4_9,Geosmithia,1,DR_12_4,DR_12,DR,DR_late
DR_12_5_1,Xylaria,1,DR_12_5,DR_12,DR,DR_late
DR_12_5_12,Diatrype,1,DR_12_5,DR_12,DR,DR_late
DR_12_5_18,Valsa,1,DR_12_5,DR_12,DR,DR_late
DR_12_6_10,Nemania,1,DR_12_6,DR_12,DR,DR_late
DR_12_6_12,Fusarium,1,DR_12_6,DR_12,DR,DR_late
DR_12_6_15,Xylaria,1,DR_12_6,DR_12,DR,DR_late
DR_12_6_16,Geosmithia,1,DR_12_6,DR_12,DR,DR_late
DR_12_6_18,Xylaria,1,DR_12_6,DR_12,DR,DR_late
DR_12_6_19,Geosmithia,1,DR_12_6,DR_12,DR,DR_late
DR_12_6_2,Colletotrichum,1,DR_12_6,DR_12,DR,DR_late
DR_12_6_22,Muscodor,1,DR_12_6,DR_12,DR,DR_late
DR_12_6_23,Muscodor,1,DR_12_6,DR_12,DR,DR_late
DR_12_6_4,Xylaria,1,DR_12_6,DR_12,DR,DR_late
DR_12_6_6,Fusarium,1,DR_12_6,DR_12,DR,DR_late
DR_12_6_7,Nemania,1,DR_12_6,DR_12,DR,DR_late
DR_12_6_8,Fusarium,1,DR_12_6,DR_12,DR,DR_late
DR_12_7_1,Geosmithia,1,DR_12_7,DR_12,DR,DR_late
DR_12_7_11,Pseudovalsaria,1,DR_12_7,DR_12,DR,DR_late
DR_12_7_14,Entonaema,1,DR_12_7,DR_12,DR,DR_late
DR_12_7_16,Xylaria,1,DR_12_7,DR_12,DR,DR_late
DR_12_7_18,Colletotrichum,1,DR_12_7,DR_12,DR,DR_late
DR_12_7_19,Geosmithia,1,DR_12_7,DR_12,DR,DR_late
DR_12_7_21,Geosmithia,1,DR_12_7,DR_12,DR,DR_late
DR_12_7_25,Fusarium,1,DR_12_7,DR_12,DR,DR_late
DR_12_7_4,Fusarium,1,DR_12_7,DR_12,DR,DR_late
DR_12_7_6,Xylaria,1,DR_12_7,DR_12,DR,DR_late
DR_12_7_7,Falcocladium,1,DR_12_7,DR_12,DR,DR_late
DR_12_7_8,Pseudovalsaria,1,DR_12_7,DR_12,DR,DR_late
DR_12_7_9,Pestalotiopsis,1,DR_12_7,DR_12,DR,DR_late
DR_12_8_10,Coniolariella,1,DR_12_8,DR_12,DR,DR_late
DR_12_8_16,Geosmithia,1,DR_12_8,DR_12,DR,DR_late
DR_12_8_18,Geosmithia,1,DR_12_8,DR_12,DR,DR_late
DR_12_8_21,Fusarium,1,DR_12_8,DR_12,DR,DR_late
DR_12_8_22,Pseudovalsaria,1,DR_12_8,DR_12,DR,DR_late
DR_12_8_25,Entonaema,1,DR_12_8,DR_12,DR,DR_late
DR_12_8_5,Phaeoacremonium,1,DR_12_8,DR_12,DR,DR_late
DR_12_8_7,Diaporthe,1,DR_12_8,DR_12,DR,DR_late
DR_12_9_1,Geosmithia,1,DR_12_9,DR_12,DR,DR_late
DR_12_9_11,Anthostomella,1,DR_12_9,DR_12,DR,DR_late
DR_12_9_14,Campylospora,1,DR_12_9,DR_12,DR,DR_late
DR_12_9_20,Diatrype,1,DR_12_9,DR_12,DR,DR_late
DR_12_9_25,Xylaria,1,DR_12_9,DR_12,DR,DR_late
DR_12_9_3,Discosia,1,DR_12_9,DR_12,DR,DR_late
DR_12_9_4,Xylaria,1,DR_12_9,DR_12,DR,DR_late
DR_2_1_1,Seimatosporium,1,DR_2_1,DR_2,DR,DR_early
DR_2_1_10,Nemania,1,DR_2_1,DR_2,DR,DR_early
DR_2_1_11,Nemania,1,DR_2_1,DR_2,DR,DR_early
DR_2_1_14,Xylaria,1,DR_2_1,DR_2,DR,DR_early
DR_2_1_16,Xylaria,1,DR_2_1,DR_2,DR,DR_early
DR_2_1_17,Nemania,1,DR_2_1,DR_2,DR,DR_early
DR_2_1_18,Xylaria,1,DR_2_1,DR_2,DR,DR_early
DR_2_1_2,Xylaria,1,DR_2_1,DR_2,DR,DR_early
DR_2_1_20,Xylaria,1,DR_2_1,DR_2,DR,DR_early
DR_2_1_22,Xylaria,1,DR_2_1,DR_2,DR,DR_early
DR_2_1_24,Entonaema,1,DR_2_1,DR_2,DR,DR_early
DR_2_1_4,Xylaria,1,DR_2_1,DR_2,DR,DR_early
DR_2_1_5,Xylaria,1,DR_2_1,DR_2,DR,DR_early
DR_2_1_6,Xylaria,1,DR_2_1,DR_2,DR,DR_early
DR_2_1_8,Daldinia,1,DR_2_1,DR_2,DR,DR_early
DR_2_10_2,Xylaria,1,DR_2_10,DR_2,DR,DR_early
DR_2_10_20,Xylaria,1,DR_2_10,DR_2,DR,DR_early
DR_2_10_3,Xylaria,1,DR_2_10,DR_2,DR,DR_early
DR_2_2_12,Bionectria,1,DR_2_2,DR_2,DR,DR_early
DR_2_2_15,Xylaria,1,DR_2_2,DR_2,DR,DR_early
DR_2_3_11,Anthostomella,1,DR_2_3,DR_2,DR,DR_early
DR_2_3_12,Xylaria,1,DR_2_3,DR_2,DR,DR_early
DR_2_3_14,Anthostomella,1,DR_2_3,DR_2,DR,DR_early
DR_2_3_15,Entonaema,1,DR_2_3,DR_2,DR,DR_early
DR_2_3_17,Falcocladium,1,DR_2_3,DR_2,DR,DR_early
DR_2_3_2,Annulohypoxylon,1,DR_2_3,DR_2,DR,DR_early
DR_2_3_21,Xylaria,1,DR_2_3,DR_2,DR,DR_early
DR_2_3_23,Hypoxylon,1,DR_2_3,DR_2,DR,DR_early
DR_2_3_3,Nemania,1,DR_2_3,DR_2,DR,DR_early
DR_2_3_6,Xylaria,1,DR_2_3,DR_2,DR,DR_early
DR_2_3_8,Diatrypella,1,DR_2_3,DR_2,DR,DR_early
DR_2_4_14,Obolarina,1,DR_2_4,DR_2,DR,DR_early
DR_2_4_18,Xylaria,1,DR_2_4,DR_2,DR,DR_early
DR_2_4_2,Colletotrichum,1,DR_2_4,DR_2,DR,DR_early
DR_2_4_22,Xylaria,1,DR_2_4,DR_2,DR,DR_early
DR_2_4_3,Annulohypoxylon,1,DR_2_4,DR_2,DR,DR_early
DR_2_4_6,Xylaria,1,DR_2_4,DR_2,DR,DR_early
DR_2_4_9,Xylaria,1,DR_2_4,DR_2,DR,DR_early
DR_2_5_10,Xylaria,1,DR_2_5,DR_2,DR,DR_early
DR_2_5_12,Xylaria,1,DR_2_5,DR_2,DR,DR_early
DR_2_5_13,Entonaema,1,DR_2_5,DR_2,DR,DR_early
DR_2_5_15,Xylaria,1,DR_2_5,DR_2,DR,DR_early
DR_2_5_18,Colletotrichum,1,DR_2_5,DR_2,DR,DR_early
DR_2_5_19,Xylaria,1,DR_2_5,DR_2,DR,DR_early
DR_2_5_22,Anthostomella,1,DR_2_5,DR_2,DR,DR_early
DR_2_5_24,Xylaria,1,DR_2_5,DR_2,DR,DR_early
DR_2_5_25,Xylaria,1,DR_2_5,DR_2,DR,DR_early
DR_2_5_4,Mycosphaerella,1,DR_2_5,DR_2,DR,DR_early
DR_2_5_5,Xylaria,1,DR_2_5,DR_2,DR,DR_early
DR_2_5_6,Xylaria,1,DR_2_5,DR_2,DR,DR_early
DR_2_5_8,Anthostomella,1,DR_2_5,DR_2,DR,DR_early
DR_2_6_19,Xylaria,1,DR_2_6,DR_2,DR,DR_early
DR_2_6_2,Annulohypoxylon,1,DR_2_6,DR_2,DR,DR_early
DR_2_6_25,Entonaema,1,DR_2_6,DR_2,DR,DR_early
DR_2_6_5,Hypoxylon,1,DR_2_6,DR_2,DR,DR_early
DR_2_6_6,Xylaria,1,DR_2_6,DR_2,DR,DR_early
DR_2_6_8,Anthostomella,1,DR_2_6,DR_2,DR,DR_early
DR_2_6_9,Xylaria,1,DR_2_6,DR_2,DR,DR_early
DR_2_7_13,Chaetomium,1,DR_2_7,DR_2,DR,DR_early
DR_2_7_15,Anthostomella,1,DR_2_7,DR_2,DR,DR_early
DR_2_7_16,Xylaria,1,DR_2_7,DR_2,DR,DR_early
DR_2_7_24,Xylaria,1,DR_2_7,DR_2,DR,DR_early
DR_2_7_25,Xylaria,1,DR_2_7,DR_2,DR,DR_early
DR_2_7_5,Pseudovalsaria,1,DR_2_7,DR_2,DR,DR_early
DR_2_7_7,Bionectria,1,DR_2_7,DR_2,DR,DR_early
DR_2_8_15,Anthostomella,1,DR_2_8,DR_2,DR,DR_early
DR_2_9_10,Daldinia,1,DR_2_9,DR_2,DR,DR_early
DR_2_9_11,Xylaria,1,DR_2_9,DR_2,DR,DR_early
DR_2_9_12,Xylaria,1,DR_2_9,DR_2,DR,DR_early
DR_2_9_13,Chaetomium,1,DR_2_9,DR_2,DR,DR_early
DR_2_9_14,Xylaria,1,DR_2_9,DR_2,DR,DR_early
DR_2_9_15,Annulohypoxylon,1,DR_2_9,DR_2,DR,DR_early
DR_2_9_16,Phyllosticta,1,DR_2_9,DR_2,DR,DR_early
DR_2_9_17,Xylaria,1,DR_2_9,DR_2,DR,DR_early
DR_2_9_18,Entonaema,1,DR_2_9,DR_2,DR,DR_early
DR_2_9_19,Annulohypoxylon,1,DR_2_9,DR_2,DR,DR_early
DR_2_9_20,Discosia,1,DR_2_9,DR_2,DR,DR_early
DR_2_9_21,Annulohypoxylon,1,DR_2_9,DR_2,DR,DR_early
DR_2_9_25,Guignardia,1,DR_2_9,DR_2,DR,DR_early
DR_2_9_4,Falcocladium,1,DR_2_9,DR_2,DR,DR_early
DR_2_9_5,Annulohypoxylon,1,DR_2_9,DR_2,DR,DR_early
DR_2_9_7,Colletotrichum,1,DR_2_9,DR_2,DR,DR_early
DR_2_9_9,Colletotrichum,1,DR_2_9,DR_2,DR,DR_early
DR_3_1_6,Xylaria,1,DR_3_1,DR_3,DR,DR_early
DR_3_10_1,Discosia,1,DR_3_10,DR_3,DR,DR_early
DR_3_10_10,Discosia,1,DR_3_10,DR_3,DR,DR_early
DR_3_10_11,Pestalotiopsis,1,DR_3_10,DR_3,DR,DR_early
DR_3_10_12,Pestalotiopsis,1,DR_3_10,DR_3,DR,DR_early
DR_3_10_13,Discosia,1,DR_3_10,DR_3,DR,DR_early
DR_3_10_14,Discosia,1,DR_3_10,DR_3,DR,DR_early
DR_3_10_15,Bionectria,1,DR_3_10,DR_3,DR,DR_early
DR_3_10_19,Discosia,1,DR_3_10,DR_3,DR,DR_early
DR_3_10_20,Discosia,1,DR_3_10,DR_3,DR,DR_early
DR_3_10_21,Discosia,1,DR_3_10,DR_3,DR,DR_early
DR_3_10_22,Discosia,1,DR_3_10,DR_3,DR,DR_early
DR_3_10_23,Discosia,1,DR_3_10,DR_3,DR,DR_early
DR_3_10_24,Discosia,1,DR_3_10,DR_3,DR,DR_early
DR_3_10_25,Discosia,1,DR_3_10,DR_3,DR,DR_early
DR_3_10_4,Discosia,1,DR_3_10,DR_3,DR,DR_early
DR_3_10_5,Discosia,1,DR_3_10,DR_3,DR,DR_early
DR_3_10_6,Seimatosporium,1,DR_3_10,DR_3,DR,DR_early
DR_3_10_7,Seimatosporium,1,DR_3_10,DR_3,DR,DR_early
DR_3_10_8,Colletotrichum,1,DR_3_10,DR_3,DR,DR_early
DR_3_2_1,Seimatosporium,1,DR_3_2,DR_3,DR,DR_early
DR_3_2_10,Seimatosporium,1,DR_3_2,DR_3,DR,DR_early
DR_3_2_12,Guignardia,1,DR_3_2,DR_3,DR,DR_early
DR_3_2_14,Xylaria,1,DR_3_2,DR_3,DR,DR_early
DR_3_2_15,Discosia,1,DR_3_2,DR_3,DR,DR_early
DR_3_2_17,Xylaria,1,DR_3_2,DR_3,DR,DR_early
DR_3_2_18,Nemania,1,DR_3_2,DR_3,DR,DR_early
DR_3_2_19,Nemania,1,DR_3_2,DR_3,DR,DR_early
DR_3_2_1b,Seimatosporium,1,DR_3_2,DR_3,DR,DR_early
DR_3_2_2,Xylaria,1,DR_3_2,DR_3,DR,DR_early
DR_3_2_20,Xylaria,1,DR_3_2,DR_3,DR,DR_early
DR_3_2_21,Annulohypoxylon,1,DR_3_2,DR_3,DR,DR_early
DR_3_2_23,Glomerella,1,DR_3_2,DR_3,DR,DR_early
DR_3_2_25,Guignardia,1,DR_3_2,DR_3,DR,DR_early
DR_3_2_4,Annulohypoxylon,1,DR_3_2,DR_3,DR,DR_early
DR_3_2_5,Coniolariella,1,DR_3_2,DR_3,DR,DR_early
DR_3_2_6,Pestalotiopsis,1,DR_3_2,DR_3,DR,DR_early
DR_3_2_7,Xylaria,1,DR_3_2,DR_3,DR,DR_early
DR_3_2_9,Xylaria,1,DR_3_2,DR_3,DR,DR_early
DR_3_3_1,Discosia,1,DR_3_3,DR_3,DR,DR_early
DR_3_3_10,Diaporthe,1,DR_3_3,DR_3,DR,DR_early
DR_3_3_12,Diaporthe,1,DR_3_3,DR_3,DR,DR_early
DR_3_3_14,Discosia,1,DR_3_3,DR_3,DR,DR_early
DR_3_3_15,Botryosphaeria,1,DR_3_3,DR_3,DR,DR_early
DR_3_3_16,Hypoxylon,1,DR_3_3,DR_3,DR,DR_early
DR_3_3_17,Hypoxylon,1,DR_3_3,DR_3,DR,DR_early
DR_3_3_18,Diaporthe,1,DR_3_3,DR_3,DR,DR_early
DR_3_3_19,Guignardia,1,DR_3_3,DR_3,DR,DR_early
DR_3_3_2,Pestalotiopsis,1,DR_3_3,DR_3,DR,DR_early
DR_3_3_20,Diaporthe,1,DR_3_3,DR_3,DR,DR_early
DR_3_3_21,Botryosphaeria,1,DR_3_3,DR_3,DR,DR_early
DR_3_3_5,Pestalotiopsis,1,DR_3_3,DR_3,DR,DR_early
DR_3_3_6,Phomopsis,1,DR_3_3,DR_3,DR,DR_early
DR_3_3_7,Anthostomella,1,DR_3_3,DR_3,DR,DR_early
DR_3_4_1,Colletotrichum,1,DR_3_4,DR_3,DR,DR_early
DR_3_4_10,Pestalotiopsis,1,DR_3_4,DR_3,DR,DR_early
DR_3_4_11,Seimatosporium,1,DR_3_4,DR_3,DR,DR_early
DR_3_4_12,Discosia,1,DR_3_4,DR_3,DR,DR_early
DR_3_4_14,Ophiocordyceps,1,DR_3_4,DR_3,DR,DR_early
DR_3_4_15,Pestalotiopsis,1,DR_3_4,DR_3,DR,DR_early
DR_3_4_17,Discosia,1,DR_3_4,DR_3,DR,DR_early
DR_3_4_18,Discosia,1,DR_3_4,DR_3,DR,DR_early
DR_3_4_19,Seimatosporium,1,DR_3_4,DR_3,DR,DR_early
DR_3_4_2,Discosia,1,DR_3_4,DR_3,DR,DR_early
DR_3_4_20,Discosia,1,DR_3_4,DR_3,DR,DR_early
DR_3_4_22,Pestalotiopsis,1,DR_3_4,DR_3,DR,DR_early
DR_3_4_23,Discosia,1,DR_3_4,DR_3,DR,DR_early
DR_3_4_24,Discosia,1,DR_3_4,DR_3,DR,DR_early
DR_3_4_4,Pestalotiopsis,1,DR_3_4,DR_3,DR,DR_early
DR_3_4_5,Seimatosporium,1,DR_3_4,DR_3,DR,DR_early
DR_3_4_6,Discosia,1,DR_3_4,DR_3,DR,DR_early
DR_3_4_7,Discosia,1,DR_3_4,DR_3,DR,DR_early
DR_3_4_9,Discosia,1,DR_3_4,DR_3,DR,DR_early
DR_3_5_1,Pestalotiopsis,1,DR_3_5,DR_3,DR,DR_early
DR_3_5_10,Pestalotiopsis,1,DR_3_5,DR_3,DR,DR_early
DR_3_5_13,Xylaria,1,DR_3_5,DR_3,DR,DR_early
DR_3_5_14,Pestalotiopsis,1,DR_3_5,DR_3,DR,DR_early
DR_3_5_15,Discosia,1,DR_3_5,DR_3,DR,DR_early
DR_3_5_16,Lasiodiplodia,1,DR_3_5,DR_3,DR,DR_early
DR_3_5_17,Xylaria,1,DR_3_5,DR_3,DR,DR_early
DR_3_5_20,Colletotrichum,1,DR_3_5,DR_3,DR,DR_early
DR_3_5_23,Pestalotiopsis,1,DR_3_5,DR_3,DR,DR_early
DR_3_5_24,Pestalotiopsis,1,DR_3_5,DR_3,DR,DR_early
DR_3_5_25,Discosia,1,DR_3_5,DR_3,DR,DR_early
DR_3_5_3,Pestalotiopsis,1,DR_3_5,DR_3,DR,DR_early
DR_3_5_4,Botryosphaeria,1,DR_3_5,DR_3,DR,DR_early
DR_3_5_6,Cordyceps,1,DR_3_5,DR_3,DR,DR_early
DR_3_5_7,Xylaria,1,DR_3_5,DR_3,DR,DR_early
DR_3_5_8,Pestalotiopsis,1,DR_3_5,DR_3,DR,DR_early
DR_3_6_1,Discosia,1,DR_3_6,DR_3,DR,DR_early
DR_3_6_10,Seimatosporium,1,DR_3_6,DR_3,DR,DR_early
DR_3_6_12,Annulohypoxylon,1,DR_3_6,DR_3,DR,DR_early
DR_3_6_13,Xylaria,1,DR_3_6,DR_3,DR,DR_early
DR_3_6_15,Seimatosporium,1,DR_3_6,DR_3,DR,DR_early
DR_3_6_16,Pestalotiopsis,1,DR_3_6,DR_3,DR,DR_early
DR_3_6_18,Pestalotiopsis,1,DR_3_6,DR_3,DR,DR_early
DR_3_6_19,Pestalotiopsis,1,DR_3_6,DR_3,DR,DR_early
DR_3_6_2,Seimatosporium,1,DR_3_6,DR_3,DR,DR_early
DR_3_6_20,Pestalotiopsis,1,DR_3_6,DR_3,DR,DR_early
DR_3_6_21,Pestalotiopsis,1,DR_3_6,DR_3,DR,DR_early
DR_3_6_22,Seimatosporium,1,DR_3_6,DR_3,DR,DR_early
DR_3_6_23,Diaporthe,1,DR_3_6,DR_3,DR,DR_early
DR_3_6_24,Pestalotiopsis,1,DR_3_6,DR_3,DR,DR_early
DR_3_6_3,Pestalotiopsis,1,DR_3_6,DR_3,DR,DR_early
DR_3_6_4,Discosia,1,DR_3_6,DR_3,DR,DR_early
DR_3_6_5,Discosia,1,DR_3_6,DR_3,DR,DR_early
DR_3_6_6,Seimatosporium,1,DR_3_6,DR_3,DR,DR_early
DR_3_6_7,Pseudovalsaria,1,DR_3_6,DR_3,DR,DR_early
DR_3_6_8,Pestalotiopsis,1,DR_3_6,DR_3,DR,DR_early
DR_3_6_9,Pestalotiopsis,1,DR_3_6,DR_3,DR,DR_early
DR_3_7_1,Pestalotiopsis,1,DR_3_7,DR_3,DR,DR_early
DR_3_7_11,Pestalotiopsis,1,DR_3_7,DR_3,DR,DR_early
DR_3_7_12,Diaporthe,1,DR_3_7,DR_3,DR,DR_early
DR_3_7_14,Colletotrichum,1,DR_3_7,DR_3,DR,DR_early
DR_3_7_15,Diaporthe,1,DR_3_7,DR_3,DR,DR_early
DR_3_7_16,Pestalotiopsis,1,DR_3_7,DR_3,DR,DR_early
DR_3_7_17,Pestalotiopsis,1,DR_3_7,DR_3,DR,DR_early
DR_3_7_20,Diaporthe,1,DR_3_7,DR_3,DR,DR_early
DR_3_7_21,Pestalotiopsis,1,DR_3_7,DR_3,DR,DR_early
DR_3_7_23,Diaporthe,1,DR_3_7,DR_3,DR,DR_early
DR_3_7_24,Diaporthe,1,DR_3_7,DR_3,DR,DR_early
DR_3_7_25,Diaporthe,1,DR_3_7,DR_3,DR,DR_early
DR_3_7_3,Phomopsis,1,DR_3_7,DR_3,DR,DR_early
DR_3_7_4,Pestalotiopsis,1,DR_3_7,DR_3,DR,DR_early
DR_3_7_5,Pestalotiopsis,1,DR_3_7,DR_3,DR,DR_early
DR_3_7_8,Diaporthe,1,DR_3_7,DR_3,DR,DR_early
DR_3_7_9,Pestalotiopsis,1,DR_3_7,DR_3,DR,DR_early
DR_3_8_10,Pestalotiopsis,1,DR_3_8,DR_3,DR,DR_early
DR_3_8_12,Pestalotiopsis,1,DR_3_8,DR_3,DR,DR_early
DR_3_8_14,Discosia,1,DR_3_8,DR_3,DR,DR_early
DR_3_8_16,Discosia,1,DR_3_8,DR_3,DR,DR_early
DR_3_8_17,Pestalotiopsis,1,DR_3_8,DR_3,DR,DR_early
DR_3_8_18,Pestalotiopsis,1,DR_3_8,DR_3,DR,DR_early
DR_3_8_19,Discosia,1,DR_3_8,DR_3,DR,DR_early
DR_3_8_20,Discosia,1,DR_3_8,DR_3,DR,DR_early
DR_3_8_21,Discosia,1,DR_3_8,DR_3,DR,DR_early
DR_3_8_22,Discosia,1,DR_3_8,DR_3,DR,DR_early
DR_3_8_24,Discosia,1,DR_3_8,DR_3,DR,DR_early
DR_3_8_3,Diaporthe,1,DR_3_8,DR_3,DR,DR_early
DR_3_8_4,Discosia,1,DR_3_8,DR_3,DR,DR_early
DR_3_8_5,Discosia,1,DR_3_8,DR_3,DR,DR_early
DR_3_8_9,Discosia,1,DR_3_8,DR_3,DR,DR_early
DR_3_9_10,Lasiodiplodia,1,DR_3_9,DR_3,DR,DR_early
DR_3_9_11,Robillarda,1,DR_3_9,DR_3,DR,DR_early
DR_3_9_12,Pestalotiopsis,1,DR_3_9,DR_3,DR,DR_early
DR_3_9_15,Pestalotiopsis,1,DR_3_9,DR_3,DR,DR_early
DR_3_9_16,Pestalotiopsis,1,DR_3_9,DR_3,DR,DR_early
DR_3_9_17,Robillarda,1,DR_3_9,DR_3,DR,DR_early
DR_3_9_18,Entonaema,1,DR_3_9,DR_3,DR,DR_early
DR_3_9_19,Lasiodiplodia,1,DR_3_9,DR_3,DR,DR_early
DR_3_9_2,Thozetella,1,DR_3_9,DR_3,DR,DR_early
DR_3_9_20,Pestalotiopsis,1,DR_3_9,DR_3,DR,DR_early
DR_3_9_21,Pestalotiopsis,1,DR_3_9,DR_3,DR,DR_early
DR_3_9_22,Pestalotiopsis,1,DR_3_9,DR_3,DR,DR_early
DR_3_9_23,Pestalotiopsis,1,DR_3_9,DR_3,DR,DR_early
DR_3_9_4,Pestalotiopsis,1,DR_3_9,DR_3,DR,DR_early
DR_3_9_5,Pestalotiopsis,1,DR_3_9,DR_3,DR,DR_early
DR_3_9_6,Pestalotiopsis,1,DR_3_9,DR_3,DR,DR_early
DR_3_9_7,Pestalotiopsis,1,DR_3_9,DR_3,DR,DR_early
DR_3_9_8,Pestalotiopsis,1,DR_3_9,DR_3,DR,DR_early
DR_4_1_13,Xylaria,1,DR_4_1,DR_4,DR,DR_early
DR_4_1_22,Xylaria,1,DR_4_1,DR_4,DR,DR_early
DR_4_10_11,Pestalotiopsis,1,DR_4_10,DR_4,DR,DR_early
DR_4_10_12,Cladosporium,1,DR_4_10,DR_4,DR,DR_early
DR_4_10_13,Microdochium,1,DR_4_10,DR_4,DR,DR_early
DR_4_10_14,Diaporthe,1,DR_4_10,DR_4,DR,DR_early
DR_4_10_15,Microdochium,1,DR_4_10,DR_4,DR,DR_early
DR_4_10_16,Discosia,1,DR_4_10,DR_4,DR,DR_early
DR_4_10_17,Pestalotiopsis,1,DR_4_10,DR_4,DR,DR_early
DR_4_10_18,Barriopsis,1,DR_4_10,DR_4,DR,DR_early
DR_4_10_2,Heliscus,1,DR_4_10,DR_4,DR,DR_early
DR_4_10_20,Pestalotiopsis,1,DR_4_10,DR_4,DR,DR_early
DR_4_10_21,Discosia,1,DR_4_10,DR_4,DR,DR_early
DR_4_10_22,Discosia,1,DR_4_10,DR_4,DR,DR_early
DR_4_10_25,Pestalotiopsis,1,DR_4_10,DR_4,DR,DR_early
DR_4_10_3,Colletotrichum,1,DR_4_10,DR_4,DR,DR_early
DR_4_10_4,Bionectria,1,DR_4_10,DR_4,DR,DR_early
DR_4_10_5,Microdochium,1,DR_4_10,DR_4,DR,DR_early
DR_4_10_6,Cladonia,1,DR_4_10,DR_4,DR,DR_early
DR_4_10_8,Microdochium,1,DR_4_10,DR_4,DR,DR_early
DR_4_10_9,Thozetella,1,DR_4_10,DR_4,DR,DR_early
DR_4_2_1,Discosia,1,DR_4_2,DR_4,DR,DR_early
DR_4_2_10,Discosia,1,DR_4_2,DR_4,DR,DR_early
DR_4_2_11,Pestalotiopsis,1,DR_4_2,DR_4,DR,DR_early
DR_4_2_12,Discosia,1,DR_4_2,DR_4,DR,DR_early
DR_4_2_13,Pestalotiopsis,1,DR_4_2,DR_4,DR,DR_early
DR_4_2_14,Pestalotiopsis,1,DR_4_2,DR_4,DR,DR_early
DR_4_2_19,Discosia,1,DR_4_2,DR_4,DR,DR_early
DR_4_2_2,Seimatosporium,1,DR_4_2,DR_4,DR,DR_early
DR_4_2_20,Seimatosporium,1,DR_4_2,DR_4,DR,DR_early
DR_4_2_3,Discosia,1,DR_4_2,DR_4,DR,DR_early
DR_4_2_4,Seimatosporium,1,DR_4_2,DR_4,DR,DR_early
DR_4_2_5,Robillarda,1,DR_4_2,DR_4,DR,DR_early
DR_4_2_6,Discosia,1,DR_4_2,DR_4,DR,DR_early
DR_4_2_7,Pestalotiopsis,1,DR_4_2,DR_4,DR,DR_early
DR_4_2_8,Seimatosporium,1,DR_4_2,DR_4,DR,DR_early
DR_4_3_1,Discosia,1,DR_4_3,DR_4,DR,DR_early
DR_4_3_12,Discosia,1,DR_4_3,DR_4,DR,DR_early
DR_4_3_22,Diaporthe,1,DR_4_3,DR_4,DR,DR_early
DR_4_3_3,Diaporthe,1,DR_4_3,DR_4,DR,DR_early
DR_4_3_6,Pestalotiopsis,1,DR_4_3,DR_4,DR,DR_early
DR_4_3_8,Botryosphaeria,1,DR_4_3,DR_4,DR,DR_early
DR_4_3_9,Pestalotiopsis,1,DR_4_3,DR_4,DR,DR_early
DR_4_4_1,Dictyochaeta,1,DR_4_4,DR_4,DR,DR_early
DR_4_4_11,Seimatosporium,1,DR_4_4,DR_4,DR,DR_early
DR_4_4_13,Discosia,1,DR_4_4,DR_4,DR,DR_early
DR_4_4_15,Annulohypoxylon,1,DR_4_4,DR_4,DR,DR_early
DR_4_4_2,Colletotrichum,1,DR_4_4,DR_4,DR,DR_early
DR_4_4_20,Diaporthe,1,DR_4_4,DR_4,DR,DR_early
DR_4_4_23,Xylaria,1,DR_4_4,DR_4,DR,DR_early
DR_4_4_4,Colletotrichum,1,DR_4_4,DR_4,DR,DR_early
DR_4_5_1,Lasiodiplodia,1,DR_4_5,DR_4,DR,DR_early
DR_4_5_12,Colletotrichum,1,DR_4_5,DR_4,DR,DR_early
DR_4_5_13,Pestalotiopsis,1,DR_4_5,DR_4,DR,DR_early
DR_4_5_15,Pestalotiopsis,1,DR_4_5,DR_4,DR,DR_early
DR_4_5_16,Botryosphaeria,1,DR_4_5,DR_4,DR,DR_early
DR_4_5_17,Botryosphaeria,1,DR_4_5,DR_4,DR,DR_early
DR_4_5_2,Pestalotiopsis,1,DR_4_5,DR_4,DR,DR_early
DR_4_5_20,Botryosphaeria,1,DR_4_5,DR_4,DR,DR_early
DR_4_5_21,Lasiodiplodia,1,DR_4_5,DR_4,DR,DR_early
DR_4_5_22,Botryosphaeria,1,DR_4_5,DR_4,DR,DR_early
DR_4_5_24,Lasiodiplodia,1,DR_4_5,DR_4,DR,DR_early
DR_4_5_4,Botryosphaeria,1,DR_4_5,DR_4,DR,DR_early
DR_4_5_5,Pestalotiopsis,1,DR_4_5,DR_4,DR,DR_early
DR_4_5_6,Lasiodiplodia,1,DR_4_5,DR_4,DR,DR_early
DR_4_5_7,Botryosphaeria,1,DR_4_5,DR_4,DR,DR_early
DR_4_5_8,Lasiodiplodia,1,DR_4_5,DR_4,DR,DR_early
DR_4_5_9,Discosia,1,DR_4_5,DR_4,DR,DR_early
DR_4_6_1,Colletotrichum,1,DR_4_6,DR_4,DR,DR_early
DR_4_6_10,Discosia,1,DR_4_6,DR_4,DR,DR_early
DR_4_6_11,Pestalotiopsis,1,DR_4_6,DR_4,DR,DR_early
DR_4_6_12,Colletotrichum,1,DR_4_6,DR_4,DR,DR_early
DR_4_6_13,Colletotrichum,1,DR_4_6,DR_4,DR,DR_early
DR_4_6_15,Colletotrichum,1,DR_4_6,DR_4,DR,DR_early
DR_4_6_16,Pestalotiopsis,1,DR_4_6,DR_4,DR,DR_early
DR_4_6_18,Xylaria,1,DR_4_6,DR_4,DR,DR_early
DR_4_6_19,Daldinia,1,DR_4_6,DR_4,DR,DR_early
DR_4_6_2,Seimatosporium,1,DR_4_6,DR_4,DR,DR_early
DR_4_6_20,Xylaria,1,DR_4_6,DR_4,DR,DR_early
DR_4_6_21,Colletotrichum,1,DR_4_6,DR_4,DR,DR_early
DR_4_6_23,Colletotrichum,1,DR_4_6,DR_4,DR,DR_early
DR_4_6_24,Pestalotiopsis,1,DR_4_6,DR_4,DR,DR_early
DR_4_6_25,Daldinia,1,DR_4_6,DR_4,DR,DR_early
DR_4_6_5,Colletotrichum,1,DR_4_6,DR_4,DR,DR_early
DR_4_6_9,Pestalotiopsis,1,DR_4_6,DR_4,DR,DR_early
DR_4_7_1,Pestalotiopsis,1,DR_4_7,DR_4,DR,DR_early
DR_4_7_11,Diaporthe,1,DR_4_7,DR_4,DR,DR_early
DR_4_7_13,Pestalotiopsis,1,DR_4_7,DR_4,DR,DR_early
DR_4_7_16,Pestalotiopsis,1,DR_4_7,DR_4,DR,DR_early
DR_4_7_19,Diaporthe,1,DR_4_7,DR_4,DR,DR_early
DR_4_7_2,Colletotrichum,1,DR_4_7,DR_4,DR,DR_early
DR_4_7_21,Diaporthe,1,DR_4_7,DR_4,DR,DR_early
DR_4_7_3,Diaporthe,1,DR_4_7,DR_4,DR,DR_early
DR_4_7_4,Pestalotiopsis,1,DR_4_7,DR_4,DR,DR_early
DR_4_7_5,Pestalotiopsis,1,DR_4_7,DR_4,DR,DR_early
DR_4_7_8,Xylaria,1,DR_4_7,DR_4,DR,DR_early
DR_4_8_10,Discosia,1,DR_4_8,DR_4,DR,DR_early
DR_4_8_13,Discosia,1,DR_4_8,DR_4,DR,DR_early
DR_4_8_14,Pestalotiopsis,1,DR_4_8,DR_4,DR,DR_early
DR_4_8_17,Discosia,1,DR_4_8,DR_4,DR,DR_early
DR_4_8_20,Discosia,1,DR_4_8,DR_4,DR,DR_early
DR_4_8_21,Discosia,1,DR_4_8,DR_4,DR,DR_early
DR_4_8_22,Discosia,1,DR_4_8,DR_4,DR,DR_early
DR_4_8_23,Discosia,1,DR_4_8,DR_4,DR,DR_early
DR_4_8_24,Discosia,1,DR_4_8,DR_4,DR,DR_early
DR_4_8_25,Thozetella,1,DR_4_8,DR_4,DR,DR_early
DR_4_8_3,Discosia,1,DR_4_8,DR_4,DR,DR_early
DR_4_8_4,Seimatosporium,1,DR_4_8,DR_4,DR,DR_early
DR_4_8_8,Pseudeurotium,1,DR_4_8,DR_4,DR,DR_early
DR_4_8_9,Discosia,1,DR_4_8,DR_4,DR,DR_early
DR_4_9_1,Pestalotiopsis,1,DR_4_9,DR_4,DR,DR_early
DR_4_9_10,Pestalotiopsis,1,DR_4_9,DR_4,DR,DR_early
DR_4_9_11,Lasiodiplodia,1,DR_4_9,DR_4,DR,DR_early
DR_4_9_15,Lasiodiplodia,1,DR_4_9,DR_4,DR,DR_early
DR_4_9_18,Pestalotiopsis,1,DR_4_9,DR_4,DR,DR_early
DR_4_9_20,Lasiodiplodia,1,DR_4_9,DR_4,DR,DR_early
DR_4_9_22,Lasiodiplodia,1,DR_4_9,DR_4,DR,DR_early
DR_4_9_23,Lasiodiplodia,1,DR_4_9,DR_4,DR,DR_early
DR_4_9_24,Lasiodiplodia,1,DR_4_9,DR_4,DR,DR_early
DR_4_9_4,Pestalotiopsis,1,DR_4_9,DR_4,DR,DR_early
DR_4_9_9,Lasiodiplodia,1,DR_4_9,DR_4,DR,DR_early
DR_5_1_13,Xylaria,1,DR_5_1,DR_5,DR,DR_early
DR_5_1_18,Xylaria,1,DR_5_1,DR_5,DR,DR_early
DR_5_1_22,Xylaria,1,DR_5_1,DR_5,DR,DR_early
DR_5_1_4,Nectria,1,DR_5_1,DR_5,DR,DR_early
DR_5_10_11,Robillarda,1,DR_5_10,DR_5,DR,DR_early
DR_5_10_22,Thozetella,1,DR_5_10,DR_5,DR,DR_early
DR_5_10_7,Discosia,1,DR_5_10,DR_5,DR,DR_early
DR_5_2_1,Robillarda,1,DR_5_2,DR_5,DR,DR_early
DR_5_2_17,Colletotrichum,1,DR_5_2,DR_5,DR,DR_early
DR_5_2_18,Lasiodiplodia,1,DR_5_2,DR_5,DR,DR_early
DR_5_2_22,Colletotrichum,1,DR_5_2,DR_5,DR,DR_early
DR_5_2_9,Xylaria,1,DR_5_2,DR_5,DR,DR_early
DR_5_3_10,Diaporthe,1,DR_5_3,DR_5,DR,DR_early
DR_5_3_11,Botryosphaeria,1,DR_5_3,DR_5,DR,DR_early
DR_5_3_12,Botryosphaeria,1,DR_5_3,DR_5,DR,DR_early
DR_5_3_16,Pestalotiopsis,1,DR_5_3,DR_5,DR,DR_early
DR_5_3_17,Diaporthe,1,DR_5_3,DR_5,DR,DR_early
DR_5_3_19,Diaporthe,1,DR_5_3,DR_5,DR,DR_early
DR_5_3_2,Phaeoacremonium,1,DR_5_3,DR_5,DR,DR_early
DR_5_3_20,Phaeoacremonium,1,DR_5_3,DR_5,DR,DR_early
DR_5_3_21,Botryosphaeria,1,DR_5_3,DR_5,DR,DR_early
DR_5_3_22,Pestalotiopsis,1,DR_5_3,DR_5,DR,DR_early
DR_5_3_24,Discosia,1,DR_5_3,DR_5,DR,DR_early
DR_5_3_25,Massarina,1,DR_5_3,DR_5,DR,DR_early
DR_5_3_3,Xylaria,1,DR_5_3,DR_5,DR,DR_early
DR_5_3_4,Diaporthe,1,DR_5_3,DR_5,DR,DR_early
DR_5_3_4b,Diaporthe,1,DR_5_3,DR_5,DR,DR_early
DR_5_3_5,Diaporthe,1,DR_5_3,DR_5,DR,DR_early
DR_5_3_7,Diaporthe,1,DR_5_3,DR_5,DR,DR_early
DR_5_3_9,Diaporthe,1,DR_5_3,DR_5,DR,DR_early
DR_5_4_10,Seimatosporium,1,DR_5_4,DR_5,DR,DR_early
DR_5_4_11,Discosia,1,DR_5_4,DR_5,DR,DR_early
DR_5_4_12,Pestalotiopsis,1,DR_5_4,DR_5,DR,DR_early
DR_5_4_15,Discosia,1,DR_5_4,DR_5,DR,DR_early
DR_5_4_16,Seimatosporium,1,DR_5_4,DR_5,DR,DR_early
DR_5_4_21,Discosia,1,DR_5_4,DR_5,DR,DR_early
DR_5_4_22,Discosia,1,DR_5_4,DR_5,DR,DR_early
DR_5_4_24,Seimatosporium,1,DR_5_4,DR_5,DR,DR_early
DR_5_4_3,Pestalotiopsis,1,DR_5_4,DR_5,DR,DR_early
DR_5_4_4,Pestalotiopsis,1,DR_5_4,DR_5,DR,DR_early
DR_5_4_5,Xylaria,1,DR_5_4,DR_5,DR,DR_early
DR_5_4_6,Discosia,1,DR_5_4,DR_5,DR,DR_early
DR_5_4_7,Pestalotiopsis,1,DR_5_4,DR_5,DR,DR_early
DR_5_5_10,Lasiodiplodia,1,DR_5_5,DR_5,DR,DR_early
DR_5_5_11,Lasiodiplodia,1,DR_5_5,DR_5,DR,DR_early
DR_5_5_14,Xylaria,1,DR_5_5,DR_5,DR,DR_early
DR_5_5_15,Botryosphaeria,1,DR_5_5,DR_5,DR,DR_early
DR_5_5_19,Lasiodiplodia,1,DR_5_5,DR_5,DR,DR_early
DR_5_5_22,Lasiodiplodia,1,DR_5_5,DR_5,DR,DR_early
DR_5_5_24,Botryosphaeria,1,DR_5_5,DR_5,DR,DR_early
DR_5_5_25,Lasiodiplodia,1,DR_5_5,DR_5,DR,DR_early
DR_5_5_3,Xylaria,1,DR_5_5,DR_5,DR,DR_early
DR_5_5_4,Lasiodiplodia,1,DR_5_5,DR_5,DR,DR_early
DR_5_5_5,Lasiodiplodia,1,DR_5_5,DR_5,DR,DR_early
DR_5_5_7,Diaporthe,1,DR_5_5,DR_5,DR,DR_early
DR_5_6_1,Xylaria,1,DR_5_6,DR_5,DR,DR_early
DR_5_6_13,Xylaria,1,DR_5_6,DR_5,DR,DR_early
DR_5_6_16,Robillarda,1,DR_5_6,DR_5,DR,DR_early
DR_5_6_17,Daldinia,1,DR_5_6,DR_5,DR,DR_early
DR_5_6_21,Xylaria,1,DR_5_6,DR_5,DR,DR_early
DR_5_6_3,Xylaria,1,DR_5_6,DR_5,DR,DR_early
DR_5_6_6,Xylaria,1,DR_5_6,DR_5,DR,DR_early
DR_5_6_8,Xylaria,1,DR_5_6,DR_5,DR,DR_early
DR_5_7_10,Diaporthe,1,DR_5_7,DR_5,DR,DR_early
DR_5_7_13,Obolarina,1,DR_5_7,DR_5,DR,DR_early
DR_5_7_15,Robillarda,1,DR_5_7,DR_5,DR,DR_early
DR_5_7_16,Pestalotiopsis,1,DR_5_7,DR_5,DR,DR_early
DR_5_7_17,Diaporthe,1,DR_5_7,DR_5,DR,DR_early
DR_5_7_2,Diaporthe,1,DR_5_7,DR_5,DR,DR_early
DR_5_7_20,Pestalotiopsis,1,DR_5_7,DR_5,DR,DR_early
DR_5_7_21,Pestalotiopsis,1,DR_5_7,DR_5,DR,DR_early
DR_5_7_22,Colletotrichum,1,DR_5_7,DR_5,DR,DR_early
DR_5_7_23,Xylaria,1,DR_5_7,DR_5,DR,DR_early
DR_5_7_4,Pestalotiopsis,1,DR_5_7,DR_5,DR,DR_early
DR_5_7_5,Phomopsis,1,DR_5_7,DR_5,DR,DR_early
DR_5_7_7,Robillarda,1,DR_5_7,DR_5,DR,DR_early
DR_5_7_8,Diaporthe,1,DR_5_7,DR_5,DR,DR_early
DR_5_7_9,Scytalidium,1,DR_5_7,DR_5,DR,DR_early
DR_5_8_15,Xylaria,1,DR_5_8,DR_5,DR,DR_early
DR_5_8_24,Xylaria,1,DR_5_8,DR_5,DR,DR_early
DR_5_8_25,Anthostomella,1,DR_5_8,DR_5,DR,DR_early
DR_5_8_7,Discosia,1,DR_5_8,DR_5,DR,DR_early
DR_5_8_8,Discosia,1,DR_5_8,DR_5,DR,DR_early
DR_5_9_10,Pestalotiopsis,1,DR_5_9,DR_5,DR,DR_early
DR_5_9_11,Diaporthe,1,DR_5_9,DR_5,DR,DR_early
DR_5_9_12,Diaporthe,1,DR_5_9,DR_5,DR,DR_early
DR_5_9_14,Diaporthe,1,DR_5_9,DR_5,DR,DR_early
DR_5_9_15,Phomopsis,1,DR_5_9,DR_5,DR,DR_early
DR_5_9_19,Diaporthe,1,DR_5_9,DR_5,DR,DR_early
DR_5_9_2,Pestalotiopsis,1,DR_5_9,DR_5,DR,DR_early
DR_5_9_21,Diaporthe,1,DR_5_9,DR_5,DR,DR_early
DR_5_9_22,Pestalotiopsis,1,DR_5_9,DR_5,DR,DR_early
DR_5_9_23,Pestalotiopsis,1,DR_5_9,DR_5,DR,DR_early
DR_5_9_25,Pestalotiopsis,1,DR_5_9,DR_5,DR,DR_early
DR_5_9_3,Diaporthe,1,DR_5_9,DR_5,DR,DR_early
DR_5_9_4,Diaporthe,1,DR_5_9,DR_5,DR,DR_early
DR_5_9_5,Phomopsis,1,DR_5_9,DR_5,DR,DR_early
DR_5_9_6,Diaporthe,1,DR_5_9,DR_5,DR,DR_early
DR_5_9_7,Phomopsis,1,DR_5_9,DR_5,DR,DR_early
DR_5_9_9,Pseudofusicoccum,1,DR_5_9,DR_5,DR,DR_early
DR_6_1_12,Diaporthe,1,DR_6_1,DR_6,DR,DR_late
DR_6_1_16,Phomopsis,1,DR_6_1,DR_6,DR,DR_late
DR_6_1_17,Xylaria,1,DR_6_1,DR_6,DR,DR_late
DR_6_1_22,Discosia,1,DR_6_1,DR_6,DR,DR_late
DR_6_1_5,Diaporthe,1,DR_6_1,DR_6,DR,DR_late
DR_6_10_1,Discosia,1,DR_6_10,DR_6,DR,DR_late
DR_6_10_15,Discosia,1,DR_6_10,DR_6,DR,DR_late
DR_6_10_17,Discosia,1,DR_6_10,DR_6,DR,DR_late
DR_6_10_20,Discosia,1,DR_6_10,DR_6,DR,DR_late
DR_6_10_6,Discosia,1,DR_6_10,DR_6,DR,DR_late
DR_6_10_8,Discosia,1,DR_6_10,DR_6,DR,DR_late
DR_6_10_9,Discosia,1,DR_6_10,DR_6,DR,DR_late
DR_6_2_1,Cladosporium,1,DR_6_2,DR_6,DR,DR_late
DR_6_2_4,Seimatosporium,1,DR_6_2,DR_6,DR,DR_late
DR_6_2_8,Microdochium,1,DR_6_2,DR_6,DR,DR_late
DR_6_2_9,Penicillium,1,DR_6_2,DR_6,DR,DR_late
DR_6_3_15,Guignardia,1,DR_6_3,DR_6,DR,DR_late
DR_6_3_5,Diaporthe,1,DR_6_3,DR_6,DR,DR_late
DR_6_4_1,Pestalotiopsis,1,DR_6_4,DR_6,DR,DR_late
DR_6_4_10,Discosia,1,DR_6_4,DR_6,DR,DR_late
DR_6_4_12,Colletotrichum,1,DR_6_4,DR_6,DR,DR_late
DR_6_4_13,Discosia,1,DR_6_4,DR_6,DR,DR_late
DR_6_4_19,Discosia,1,DR_6_4,DR_6,DR,DR_late
DR_6_4_2,Discosia,1,DR_6_4,DR_6,DR,DR_late
DR_6_4_3,Discosia,1,DR_6_4,DR_6,DR,DR_late
DR_6_4_5,Discosia,1,DR_6_4,DR_6,DR,DR_late
DR_6_4_7,Pestalotiopsis,1,DR_6_4,DR_6,DR,DR_late
DR_6_4_8,Discosia,1,DR_6_4,DR_6,DR,DR_late
DR_6_5_11,Guignardia,1,DR_6_5,DR_6,DR,DR_late
DR_6_5_24,Diaporthe,1,DR_6_5,DR_6,DR,DR_late
DR_6_5_5,Xylaria,1,DR_6_5,DR_6,DR,DR_late
DR_6_6_1,Colletotrichum,1,DR_6_6,DR_6,DR,DR_late
DR_6_6_10,Xylaria,1,DR_6_6,DR_6,DR,DR_late
DR_6_6_11,Discosia,1,DR_6_6,DR_6,DR,DR_late
DR_6_6_13,Pestalotiopsis,1,DR_6_6,DR_6,DR,DR_late
DR_6_6_14,Xylaria,1,DR_6_6,DR_6,DR,DR_late
DR_6_6_15,Xylaria,1,DR_6_6,DR_6,DR,DR_late
DR_6_6_20,Xylaria,1,DR_6_6,DR_6,DR,DR_late
DR_6_6_21,Discosia,1,DR_6_6,DR_6,DR,DR_late
DR_6_6_22,Discosia,1,DR_6_6,DR_6,DR,DR_late
DR_6_6_23,Xylaria,1,DR_6_6,DR_6,DR,DR_late
DR_6_6_24,Discosia,1,DR_6_6,DR_6,DR,DR_late
DR_6_6_3,Discosia,1,DR_6_6,DR_6,DR,DR_late
DR_6_6_4,Seimatosporium,1,DR_6_6,DR_6,DR,DR_late
DR_6_6_5,Seimatosporium,1,DR_6_6,DR_6,DR,DR_late
DR_6_6_7,Pestalotiopsis,1,DR_6_6,DR_6,DR,DR_late
DR_6_6_8,Discosia,1,DR_6_6,DR_6,DR,DR_late
DR_6_6_9,Pestalotiopsis,1,DR_6_6,DR_6,DR,DR_late
DR_6_7_1,Botryosphaeria,1,DR_6_7,DR_6,DR,DR_late
DR_6_8_10,Pestalotiopsis,1,DR_6_8,DR_6,DR,DR_late
DR_6_8_11,Discosia,1,DR_6_8,DR_6,DR,DR_late
DR_6_8_12,Pestalotiopsis,1,DR_6_8,DR_6,DR,DR_late
DR_6_8_14,Discosia,1,DR_6_8,DR_6,DR,DR_late
DR_6_8_17,Discosia,1,DR_6_8,DR_6,DR,DR_late
DR_6_8_18,Discosia,1,DR_6_8,DR_6,DR,DR_late
DR_6_8_19,Discosia,1,DR_6_8,DR_6,DR,DR_late
DR_6_8_20,Seimatosporium,1,DR_6_8,DR_6,DR,DR_late
DR_6_8_22,Discosia,1,DR_6_8,DR_6,DR,DR_late
DR_6_8_23,Discosia,1,DR_6_8,DR_6,DR,DR_late
DR_6_8_24,Discosia,1,DR_6_8,DR_6,DR,DR_late
DR_6_8_3,Pestalotiopsis,1,DR_6_8,DR_6,DR,DR_late
DR_6_8_4,Discosia,1,DR_6_8,DR_6,DR,DR_late
DR_6_8_5,Discosia,1,DR_6_8,DR_6,DR,DR_late
DR_6_8_6,Discosia,1,DR_6_8,DR_6,DR,DR_late
DR_6_8_8,Discosia,1,DR_6_8,DR_6,DR,DR_late
DR_6_8_9,Pestalotiopsis,1,DR_6_8,DR_6,DR,DR_late
DR_7_1_24,Pestalotiopsis,1,DR_7_1,DR_7,DR,DR_late
DR_7_1_25,Discosia,1,DR_7_1,DR_7,DR,DR_late
DR_7_1_3,Pestalotiopsis,1,DR_7_1,DR_7,DR,DR_late
DR_7_1_4,Pestalotiopsis,1,DR_7_1,DR_7,DR,DR_late
DR_7_1_8,Xylaria,1,DR_7_1,DR_7,DR,DR_late
DR_7_10_1,Discosia,1,DR_7_10,DR_7,DR,DR_late
DR_7_10_10,Discosia,1,DR_7_10,DR_7,DR,DR_late
DR_7_10_12,Discosia,1,DR_7_10,DR_7,DR,DR_late
DR_7_10_15,Discosia,1,DR_7_10,DR_7,DR,DR_late
DR_7_10_2,Discosia,1,DR_7_10,DR_7,DR,DR_late
DR_7_10_21,Discosia,1,DR_7_10,DR_7,DR,DR_late
DR_7_10_25,Discosia,1,DR_7_10,DR_7,DR,DR_late
DR_7_10_25b,Discosia,1,DR_7_10,DR_7,DR,DR_late
DR_7_10_4,Discosia,1,DR_7_10,DR_7,DR,DR_late
DR_7_10_5,Discosia,1,DR_7_10,DR_7,DR,DR_late
DR_7_10_8,Discosia,1,DR_7_10,DR_7,DR,DR_late
DR_7_10_9,Discosia,1,DR_7_10,DR_7,DR,DR_late
DR_7_2_10,Robillarda,1,DR_7_2,DR_7,DR,DR_late
DR_7_2_11,Lasiodiplodia,1,DR_7_2,DR_7,DR,DR_late
DR_7_2_12,Rosellinia,1,DR_7_2,DR_7,DR,DR_late
DR_7_2_13,Discosia,1,DR_7_2,DR_7,DR,DR_late
DR_7_2_14,Robillarda,1,DR_7_2,DR_7,DR,DR_late
DR_7_2_16,Lasiodiplodia,1,DR_7_2,DR_7,DR,DR_late
DR_7_2_18,Lasiodiplodia,1,DR_7_2,DR_7,DR,DR_late
DR_7_2_21,Pestalotiopsis,1,DR_7_2,DR_7,DR,DR_late
DR_7_2_24,Lasiodiplodia,1,DR_7_2,DR_7,DR,DR_late
DR_7_2_25,Lasiodiplodia,1,DR_7_2,DR_7,DR,DR_late
DR_7_2_3,Lasiodiplodia,1,DR_7_2,DR_7,DR,DR_late
DR_7_2_5,Microdochium,1,DR_7_2,DR_7,DR,DR_late
DR_7_2_6,Discosia,1,DR_7_2,DR_7,DR,DR_late
DR_7_2_7,Rosellinia,1,DR_7_2,DR_7,DR,DR_late
DR_7_2_8,Pestalotiopsis,1,DR_7_2,DR_7,DR,DR_late
DR_7_3_11,Pestalotiopsis,1,DR_7_3,DR_7,DR,DR_late
DR_7_3_16,Nemania,1,DR_7_3,DR_7,DR,DR_late
DR_7_3_17,Xylaria,1,DR_7_3,DR_7,DR,DR_late
DR_7_3_3,Diaporthe,1,DR_7_3,DR_7,DR,DR_late
DR_7_3_7,Anthostomella,1,DR_7_3,DR_7,DR,DR_late
DR_7_4_1,Microdochium,1,DR_7_4,DR_7,DR,DR_late
DR_7_4_10,Discosia,1,DR_7_4,DR_7,DR,DR_late
DR_7_4_11,Microdochium,1,DR_7_4,DR_7,DR,DR_late
DR_7_4_15,Thozetella,1,DR_7_4,DR_7,DR,DR_late
DR_7_4_17,Guignardia,1,DR_7_4,DR_7,DR,DR_late
DR_7_4_19,Pleurostoma,1,DR_7_4,DR_7,DR,DR_late
DR_7_4_21,Pestalotiopsis,1,DR_7_4,DR_7,DR,DR_late
DR_7_4_22,Pestalotiopsis,1,DR_7_4,DR_7,DR,DR_late
DR_7_4_25,Seimatosporium,1,DR_7_4,DR_7,DR,DR_late
DR_7_4_3,Podospora,1,DR_7_4,DR_7,DR,DR_late
DR_7_4_4,Microdochium,1,DR_7_4,DR_7,DR,DR_late
DR_7_4_6,Dictyochaeta,1,DR_7_4,DR_7,DR,DR_late
DR_7_4_8,Bionectria,1,DR_7_4,DR_7,DR,DR_late
DR_7_5_14,Diaporthe,1,DR_7_5,DR_7,DR,DR_late
DR_7_5_15,Guignardia,1,DR_7_5,DR_7,DR,DR_late
DR_7_5_19,Botryosphaeria,1,DR_7_5,DR_7,DR,DR_late
DR_7_5_21,Guignardia,1,DR_7_5,DR_7,DR,DR_late
DR_7_5_22,Guignardia,1,DR_7_5,DR_7,DR,DR_late
DR_7_5_4,Diaporthe,1,DR_7_5,DR_7,DR,DR_late
DR_7_5_5,Xylaria,1,DR_7_5,DR_7,DR,DR_late
DR_7_5_7,Lasiodiplodia,1,DR_7_5,DR_7,DR,DR_late
DR_7_5_9,Lasiodiplodia,1,DR_7_5,DR_7,DR,DR_late
DR_7_6_1,Discosia,1,DR_7_6,DR_7,DR,DR_late
DR_7_6_11,Discosia,1,DR_7_6,DR_7,DR,DR_late
DR_7_6_12,Pestalotiopsis,1,DR_7_6,DR_7,DR,DR_late
DR_7_6_19,Pestalotiopsis,1,DR_7_6,DR_7,DR,DR_late
DR_7_6_2,Pestalotiopsis,1,DR_7_6,DR_7,DR,DR_late
DR_7_6_20,Microdochium,1,DR_7_6,DR_7,DR,DR_late
DR_7_6_21,Fusarium,1,DR_7_6,DR_7,DR,DR_late
DR_7_6_22,Xylaria,1,DR_7_6,DR_7,DR,DR_late
DR_7_6_23,Xylaria,1,DR_7_6,DR_7,DR,DR_late
DR_7_6_24,Volutella,1,DR_7_6,DR_7,DR,DR_late
DR_7_6_25,Discosia,1,DR_7_6,DR_7,DR,DR_late
DR_7_6_4,Cyphellophora,1,DR_7_6,DR_7,DR,DR_late
DR_7_6_7,Bionectria,1,DR_7_6,DR_7,DR,DR_late
DR_7_6_9,Xylaria,1,DR_7_6,DR_7,DR,DR_late
DR_7_7_10,Pestalotiopsis,1,DR_7_7,DR_7,DR,DR_late
DR_7_7_12,Pestalotiopsis,1,DR_7_7,DR_7,DR,DR_late
DR_7_7_14,Pestalotiopsis,1,DR_7_7,DR_7,DR,DR_late
DR_7_7_15,Microdochium,1,DR_7_7,DR_7,DR,DR_late
DR_7_7_2,Lasiodiplodia,1,DR_7_7,DR_7,DR,DR_late
DR_7_7_24,Pestalotiopsis,1,DR_7_7,DR_7,DR,DR_late
DR_7_7_5,Pestalotiopsis,1,DR_7_7,DR_7,DR,DR_late
DR_7_7_7,Xylaria,1,DR_7_7,DR_7,DR,DR_late
DR_7_8_1,Pestalotiopsis,1,DR_7_8,DR_7,DR,DR_late
DR_7_8_13,Microdochium,1,DR_7_8,DR_7,DR,DR_late
DR_7_8_24,Pestalotiopsis,1,DR_7_8,DR_7,DR,DR_late
DR_7_9_1,Diaporthe,1,DR_7_9,DR_7,DR,DR_late
DR_7_9_6,Beauveria,1,DR_7_9,DR_7,DR,DR_late
DR_7_9_8,Pestalotiopsis,1,DR_7_9,DR_7,DR,DR_late
DR_8_1_2,Xylaria,1,DR_8_1,DR_8,DR,DR_late
DR_8_1_24,Xylaria,1,DR_8_1,DR_8,DR,DR_late
DR_8_1_5,Diaporthe,1,DR_8_1,DR_8,DR,DR_late
DR_8_10_13,Eutypa,1,DR_8_10,DR_8,DR,DR_late
DR_8_10_14,Pestalotiopsis,1,DR_8_10,DR_8,DR,DR_late
DR_8_2_1,Microdochium,1,DR_8_2,DR_8,DR,DR_late
DR_8_2_14,Microdochium,1,DR_8_2,DR_8,DR,DR_late
DR_8_2_18,Microdochium,1,DR_8_2,DR_8,DR,DR_late
DR_8_2_19,Geosmithia,1,DR_8_2,DR_8,DR,DR_late
DR_8_2_2,Cyphellophora,1,DR_8_2,DR_8,DR,DR_late
DR_8_2_3,Cyphellophora,1,DR_8_2,DR_8,DR,DR_late
DR_8_2_4,Cyphellophora,1,DR_8_2,DR_8,DR,DR_late
DR_8_2_5,Discosia,1,DR_8_2,DR_8,DR,DR_late
DR_8_3_17,Colletotrichum,1,DR_8_3,DR_8,DR,DR_late
DR_8_3_4,Xylaria,1,DR_8_3,DR_8,DR,DR_late
DR_8_4_11,Spadicoides,1,DR_8_4,DR_8,DR,DR_late
DR_8_5_13,Cladosporium,1,DR_8_5,DR_8,DR,DR_late
DR_8_5_14,Cladosporium,1,DR_8_5,DR_8,DR,DR_late
DR_8_5_15,Cladosporium,1,DR_8_5,DR_8,DR,DR_late
DR_8_5_16,Cladosporium,1,DR_8_5,DR_8,DR,DR_late
DR_8_5_17,Cladosporium,1,DR_8_5,DR_8,DR,DR_late
DR_8_5_19,Cladosporium,1,DR_8_5,DR_8,DR,DR_late
DR_8_5_21,Cladosporium,1,DR_8_5,DR_8,DR,DR_late
DR_8_5_22,Cladosporium,1,DR_8_5,DR_8,DR,DR_late
DR_8_5_25,Nemania,1,DR_8_5,DR_8,DR,DR_late
DR_8_6_16,Xylaria,1,DR_8_6,DR_8,DR,DR_late
DR_8_6_19,Nemania,1,DR_8_6,DR_8,DR,DR_late
DR_8_6_21,Discosia,1,DR_8_6,DR_8,DR,DR_late
DR_8_6_5,Discosia,1,DR_8_6,DR_8,DR,DR_late
DR_8_7_15,Eutypa,1,DR_8_7,DR_8,DR,DR_late
DR_8_7_4,Xylaria,1,DR_8_7,DR_8,DR,DR_late
DR_8_8_11,Xylaria,1,DR_8_8,DR_8,DR,DR_late
DR_8_8_13,Entonaema,1,DR_8_8,DR_8,DR,DR_late
DR_8_8_16,Entonaema,1,DR_8_8,DR_8,DR,DR_late
DR_9_1_17,Diaporthe,1,DR_9_1,DR_9,DR,DR_late
DR_9_1_19,Lasiodiplodia,1,DR_9_1,DR_9,DR,DR_late
DR_9_1_20,Diaporthe,1,DR_9_1,DR_9,DR,DR_late
DR_9_1_3,Diaporthe,1,DR_9_1,DR_9,DR,DR_late
DR_9_1_6,Diaporthe,1,DR_9_1,DR_9,DR,DR_late
DR_9_1_8,Diaporthe,1,DR_9_1,DR_9,DR,DR_late
DR_9_10_15,Discosia,1,DR_9_10,DR_9,DR,DR_late
DR_9_10_17,Pestalotiopsis,1,DR_9_10,DR_9,DR,DR_late
DR_9_10_18,Discosia,1,DR_9_10,DR_9,DR,DR_late
DR_9_10_19,Discosia,1,DR_9_10,DR_9,DR,DR_late
DR_9_10_20,Geosmithia,1,DR_9_10,DR_9,DR,DR_late
DR_9_10_21,Discosia,1,DR_9_10,DR_9,DR,DR_late
DR_9_10_4,Thozetella,1,DR_9_10,DR_9,DR,DR_late
DR_9_10_5,Discosia,1,DR_9_10,DR_9,DR,DR_late
DR_9_2_1,Fusarium,1,DR_9_2,DR_9,DR,DR_late
DR_9_2_10,Geosmithia,1,DR_9_2,DR_9,DR,DR_late
DR_9_2_11,Fusarium,1,DR_9_2,DR_9,DR,DR_late
DR_9_2_12,Geosmithia,1,DR_9_2,DR_9,DR,DR_late
DR_9_2_13,Fusarium,1,DR_9_2,DR_9,DR,DR_late
DR_9_2_16,Geosmithia,1,DR_9_2,DR_9,DR,DR_late
DR_9_2_17,Entonaema,1,DR_9_2,DR_9,DR,DR_late
DR_9_2_18,Stachybotrys,1,DR_9_2,DR_9,DR,DR_late
DR_9_2_19,Xylaria,1,DR_9_2,DR_9,DR,DR_late
DR_9_2_20,Xylaria,1,DR_9_2,DR_9,DR,DR_late
DR_9_2_22,Fusarium,1,DR_9_2,DR_9,DR,DR_late
DR_9_2_23,Nemania,1,DR_9_2,DR_9,DR,DR_late
DR_9_2_24,Cladobotryum,1,DR_9_2,DR_9,DR,DR_late
DR_9_2_3,Geosmithia,1,DR_9_2,DR_9,DR,DR_late
DR_9_2_4,Xylaria,1,DR_9_2,DR_9,DR,DR_late
DR_9_2_5,Fusarium,1,DR_9_2,DR_9,DR,DR_late
DR_9_2_6,Xylaria,1,DR_9_2,DR_9,DR,DR_late
DR_9_2_7,Xylaria,1,DR_9_2,DR_9,DR,DR_late
DR_9_2_9,Xylaria,1,DR_9_2,DR_9,DR,DR_late
DR_9_3_15,Entonaema,1,DR_9_3,DR_9,DR,DR_late
DR_9_3_20,Discosia,1,DR_9_3,DR_9,DR,DR_late
DR_9_3_24,Penicillium,1,DR_9_3,DR_9,DR,DR_late
DR_9_3_5,Discosia,1,DR_9_3,DR_9,DR,DR_late
DR_9_3_9,Colletotrichum,1,DR_9_3,DR_9,DR,DR_late
DR_9_4_10,Fusarium,1,DR_9_4,DR_9,DR,DR_late
DR_9_4_11,Muscodor,1,DR_9_4,DR_9,DR,DR_late
DR_9_4_12,Pestalotiopsis,1,DR_9_4,DR_9,DR,DR_late
DR_9_4_16,Phoma,1,DR_9_4,DR_9,DR,DR_late
DR_9_4_22,Xylaria,1,DR_9_4,DR_9,DR,DR_late
DR_9_4_25,Geosmithia,1,DR_9_4,DR_9,DR,DR_late
DR_9_4_4,Lasiodiplodia,1,DR_9_4,DR_9,DR,DR_late
DR_9_4_5,Lasiodiplodia,1,DR_9_4,DR_9,DR,DR_late
DR_9_4_6,Thozetella,1,DR_9_4,DR_9,DR,DR_late
DR_9_4_7,Fusarium,1,DR_9_4,DR_9,DR,DR_late
DR_9_4_8,Xylaria,1,DR_9_4,DR_9,DR,DR_late
DR_9_5_1,Xylaria,1,DR_9_5,DR_9,DR,DR_late
DR_9_5_11,Entonaema,1,DR_9_5,DR_9,DR,DR_late
DR_9_5_12,Nemania,1,DR_9_5,DR_9,DR,DR_late
DR_9_5_13,Pseudovalsaria,1,DR_9_5,DR_9,DR,DR_late
DR_9_5_16,Xylaria,1,DR_9_5,DR_9,DR,DR_late
DR_9_5_18,Pestalotiopsis,1,DR_9_5,DR_9,DR,DR_late
DR_9_5_19,Entonaema,1,DR_9_5,DR_9,DR,DR_late
DR_9_5_22,Lasiodiplodia,1,DR_9_5,DR_9,DR,DR_late
DR_9_5_24,Pestalotiopsis,1,DR_9_5,DR_9,DR,DR_late
DR_9_5_25,Xylaria,1,DR_9_5,DR_9,DR,DR_late
DR_9_5_5,Pestalotiopsis,1,DR_9_5,DR_9,DR,DR_late
DR_9_5_8,Guignardia,1,DR_9_5,DR_9,DR,DR_late
DR_9_5_9,Dichomera / Neofusicoccum,1,DR_9_5,DR_9,DR,DR_late
DR_9_6_14,Pestalotiopsis,1,DR_9_6,DR_9,DR,DR_late
DR_9_6_17,Discosia,1,DR_9_6,DR_9,DR,DR_late
DR_9_6_19,Microdochium,1,DR_9_6,DR_9,DR,DR_late
DR_9_6_2,Microdochium,1,DR_9_6,DR_9,DR,DR_late
DR_9_6_24,Nemania,1,DR_9_6,DR_9,DR,DR_late
DR_9_6_3,Microdochium,1,DR_9_6,DR_9,DR,DR_late
DR_9_6_6,Discosia,1,DR_9_6,DR_9,DR,DR_late
DR_9_7_1,Diaporthe,1,DR_9_7,DR_9,DR,DR_late
DR_9_7_13,Xylaria,1,DR_9_7,DR_9,DR,DR_late
DR_9_7_22,Beauveria,1,DR_9_7,DR_9,DR,DR_late
DR_9_7_6,Xylaria,1,DR_9_7,DR_9,DR,DR_late
DR_9_7_9,Exophiala,1,DR_9_7,DR_9,DR,DR_late
DR_9_8_1,Pestalotiopsis,1,DR_9_8,DR_9,DR,DR_late
DR_9_8_12,Discosia,1,DR_9_8,DR_9,DR,DR_late
DR_9_8_13,Xylaria,1,DR_9_8,DR_9,DR,DR_late
DR_9_8_14,Menispora,1,DR_9_8,DR_9,DR,DR_late
DR_9_8_15,Discosia,1,DR_9_8,DR_9,DR,DR_late
DR_9_8_17,Microdochium,1,DR_9_8,DR_9,DR,DR_late
DR_9_8_3,Daldinia,1,DR_9_8,DR_9,DR,DR_late
DR_9_8_4,Coniolariella,1,DR_9_8,DR_9,DR,DR_late
DR_9_8_8,Discosia,1,DR_9_8,DR_9,DR,DR_late
DR_9_9_13,Xylaria,1,DR_9_9,DR_9,DR,DR_late
DR_9_9_9,Endomelanconiopsis,1,DR_9_9,DR_9,DR,DR_late
PSG_1_1_1,Colletotrichum,1,PSG_1_1,PSG_1,PSG,PSG
PSG_1_1_13,Colletotrichum,1,PSG_1_1,PSG_1,PSG,PSG
PSG_1_1_17,Pleurostoma,1,PSG_1_1,PSG_1,PSG,PSG
PSG_1_1_19,Xylaria,1,PSG_1_1,PSG_1,PSG,PSG
PSG_1_1_2,Clonostachys,1,PSG_1_1,PSG_1,PSG,PSG
PSG_1_1_22,Colletotrichum,1,PSG_1_1,PSG_1,PSG,PSG
PSG_1_1_4,Acremonium,1,PSG_1_1,PSG_1,PSG,PSG
PSG_1_1_8,Chaetomium,1,PSG_1_1,PSG_1,PSG,PSG
PSG_1_2_1,Xylaria,1,PSG_1_2,PSG_1,PSG,PSG
PSG_1_2_10,Xylaria,1,PSG_1_2,PSG_1,PSG,PSG
PSG_1_2_13,Pleurostoma,1,PSG_1_2,PSG_1,PSG,PSG
PSG_1_2_14,Xylaria,1,PSG_1_2,PSG_1,PSG,PSG
PSG_1_2_17,Cryphonectria,1,PSG_1_2,PSG_1,PSG,PSG
PSG_1_2_18,Xylaria,1,PSG_1_2,PSG_1,PSG,PSG
PSG_1_2_22,Anthostomella,1,PSG_1_2,PSG_1,PSG,PSG
PSG_1_2_9,Xylaria,1,PSG_1_2,PSG_1,PSG,PSG
PSG_10_1_10,Hypoxylon,1,PSG_10_1,PSG_10,PSG,PSG
PSG_10_1_15,Colletotrichum,1,PSG_10_1,PSG_10,PSG,PSG
PSG_10_1_21,Phaeoacremonium,1,PSG_10_1,PSG_10,PSG,PSG
PSG_10_1_26,Phyllosticta,1,PSG_10_1,PSG_10,PSG,PSG
PSG_10_1_35,Guignardia,1,PSG_10_1,PSG_10,PSG,PSG
PSG_10_1_39,Xylaria,1,PSG_10_1,PSG_10,PSG,PSG
PSG_10_2_1,Phyllosticta,1,PSG_10_2,PSG_10,PSG,PSG
PSG_10_2_12,Phyllosticta,1,PSG_10_2,PSG_10,PSG,PSG
PSG_10_2_14,Xylaria,1,PSG_10_2,PSG_10,PSG,PSG
PSG_10_2_21,Rosellinia,1,PSG_10_2,PSG_10,PSG,PSG
PSG_10_2_24,Colletotrichum,1,PSG_10_2,PSG_10,PSG,PSG
PSG_10_2_3,Geosmithia,1,PSG_10_2,PSG_10,PSG,PSG
PSG_10_2_37,Valsa,1,PSG_10_2,PSG_10,PSG,PSG
PSG_10_2_4,Sarcinomyces,1,PSG_10_2,PSG_10,PSG,PSG
PSG_10_3_11,Colletotrichum,1,PSG_10_3,PSG_10,PSG,PSG
PSG_10_3_15,Xylaria,1,PSG_10_3,PSG_10,PSG,PSG
PSG_10_3_3,Guignardia,1,PSG_10_3,PSG_10,PSG,PSG
PSG_10_3_30,Colletotrichum,1,PSG_10_3,PSG_10,PSG,PSG
PSG_10_3_4,Phaeoacremonium,1,PSG_10_3,PSG_10,PSG,PSG
PSG_10_3_40,Valsa,1,PSG_10_3,PSG_10,PSG,PSG
PSG_10_3_6,Anthostomella,1,PSG_10_3,PSG_10,PSG,PSG
PSG_10_4_16,Diaporthe,1,PSG_10_4,PSG_10,PSG,PSG
PSG_10_4_18,Anthostomella,1,PSG_10_4,PSG_10,PSG,PSG
PSG_10_4_36,Phaeoacremonium,1,PSG_10_4,PSG_10,PSG,PSG
PSG_10_4_8,Phaeoacremonium,1,PSG_10_4,PSG_10,PSG,PSG
PSG_10_4_9,Bionectria,1,PSG_10_4,PSG_10,PSG,PSG
PSG_11_1_18,Phaeoacremonium,1,PSG_11_1,PSG_11,PSG,PSG
PSG_11_1_2,Xylaria,1,PSG_11_1,PSG_11,PSG,PSG
PSG_11_1_20,Xylaria,1,PSG_11_1,PSG_11,PSG,PSG
PSG_11_1_36,Nemania,1,PSG_11_1,PSG_11,PSG,PSG
PSG_11_1_38,Diatrype,1,PSG_11_1,PSG_11,PSG,PSG
PSG_11_1_39,Eutypa,1,PSG_11_1,PSG_11,PSG,PSG
PSG_11_1_40,Ophiocordyceps,1,PSG_11_1,PSG_11,PSG,PSG
PSG_11_2_1,Xylaria,1,PSG_11_2,PSG_11,PSG,PSG
PSG_11_2_12,Entonaema,1,PSG_11_2,PSG_11,PSG,PSG
PSG_11_2_19,Anthostomella,1,PSG_11_2,PSG_11,PSG,PSG
PSG_11_2_24,Phaeoacremonium,1,PSG_11_2,PSG_11,PSG,PSG
PSG_11_2_3,Anthostomella,1,PSG_11_2,PSG_11,PSG,PSG
PSG_11_3_13,Anthostomella,1,PSG_11_3,PSG_11,PSG,PSG
PSG_11_3_17,Eutypa,1,PSG_11_3,PSG_11,PSG,PSG
PSG_11_3_29,Xylaria,1,PSG_11_3,PSG_11,PSG,PSG
PSG_11_3_37,Anthostomella,1,PSG_11_3,PSG_11,PSG,PSG
PSG_11_3_9,Anthostomella,1,PSG_11_3,PSG_11,PSG,PSG
PSG_11_4_12,Anthostomella,1,PSG_11_4,PSG_11,PSG,PSG
PSG_11_4_15,Coniolariella,1,PSG_11_4,PSG_11,PSG,PSG
PSG_11_4_19,Valsa,1,PSG_11_4,PSG_11,PSG,PSG
PSG_11_4_34,Anthostomella,1,PSG_11_4,PSG_11,PSG,PSG
PSG_11_5_17,Colletotrichum,1,PSG_11_5,PSG_11,PSG,PSG
PSG_11_5_29,Phaeoacremonium,1,PSG_11_5,PSG_11,PSG,PSG
PSG_12_1_11,Diaporthe,1,PSG_12_1,PSG_12,PSG,PSG
PSG_12_1_12,Colletotrichum,1,PSG_12_1,PSG_12,PSG,PSG
PSG_12_1_13,Anthostomella,1,PSG_12_1,PSG_12,PSG,PSG
PSG_12_1_14,Colletotrichum,1,PSG_12_1,PSG_12,PSG,PSG
PSG_12_1_15,Colletotrichum,1,PSG_12_1,PSG_12,PSG,PSG
PSG_12_1_16,Pleurostoma,1,PSG_12_1,PSG_12,PSG,PSG
PSG_12_1_17,Colletotrichum,1,PSG_12_1,PSG_12,PSG,PSG
PSG_12_1_18,Glomerella,1,PSG_12_1,PSG_12,PSG,PSG
PSG_12_1_19,Stilbohypoxylon,1,PSG_12_1,PSG_12,PSG,PSG
PSG_12_1_22,Campylospora,1,PSG_12_1,PSG_12,PSG,PSG
PSG_12_1_24,Nemania,1,PSG_12_1,PSG_12,PSG,PSG
PSG_12_1_25,Glomerella,1,PSG_12_1,PSG_12,PSG,PSG
PSG_12_1_27,Phaeocytostroma,1,PSG_12_1,PSG_12,PSG,PSG
PSG_12_1_29,Rosellinia,1,PSG_12_1,PSG_12,PSG,PSG
PSG_12_1_33,Phyllosticta,1,PSG_12_1,PSG_12,PSG,PSG
PSG_12_1_34,Fusarium,1,PSG_12_1,PSG_12,PSG,PSG
PSG_12_1_35,Colletotrichum,1,PSG_12_1,PSG_12,PSG,PSG
PSG_12_1_36,Endomelanconiopsis,1,PSG_12_1,PSG_12,PSG,PSG
PSG_12_1_39,Colletotrichum,1,PSG_12_1,PSG_12,PSG,PSG
PSG_12_1_7,Xylaria,1,PSG_12_1,PSG_12,PSG,PSG
PSG_12_1_9,Stachybotrys,1,PSG_12_1,PSG_12,PSG,PSG
PSG_12_2_1,Hypoxylon,1,PSG_12_2,PSG_12,PSG,PSG
PSG_12_2_10,Anthostomella,1,PSG_12_2,PSG_12,PSG,PSG
PSG_12_2_13,Colletotrichum,1,PSG_12_2,PSG_12,PSG,PSG
PSG_12_2_14,Colletotrichum,1,PSG_12_2,PSG_12,PSG,PSG
PSG_12_2_15,Colletotrichum,1,PSG_12_2,PSG_12,PSG,PSG
PSG_12_2_16,Phyllosticta,1,PSG_12_2,PSG_12,PSG,PSG
PSG_12_2_17,Diaporthe,1,PSG_12_2,PSG_12,PSG,PSG
PSG_12_2_19,Diplogelasinospora,1,PSG_12_2,PSG_12,PSG,PSG
PSG_12_2_20,Guignardia,1,PSG_12_2,PSG_12,PSG,PSG
PSG_12_2_22,Xylaria,1,PSG_12_2,PSG_12,PSG,PSG
PSG_12_2_23,Xylaria,1,PSG_12_2,PSG_12,PSG,PSG
PSG_12_2_24,Colletotrichum,1,PSG_12_2,PSG_12,PSG,PSG
PSG_12_2_26,Phaeocytostroma,1,PSG_12_2,PSG_12,PSG,PSG
PSG_12_2_29,Coccomyces,1,PSG_12_2,PSG_12,PSG,PSG
PSG_12_2_32,Endomelanconiopsis,1,PSG_12_2,PSG_12,PSG,PSG
PSG_12_2_33,Colletotrichum,1,PSG_12_2,PSG_12,PSG,PSG
PSG_12_2_35,Endomelanconiopsis,1,PSG_12_2,PSG_12,PSG,PSG
PSG_12_2_36,Xylaria,1,PSG_12_2,PSG_12,PSG,PSG
PSG_12_2_37,Colletotrichum,1,PSG_12_2,PSG_12,PSG,PSG
PSG_12_2_38,Entonaema,1,PSG_12_2,PSG_12,PSG,PSG
PSG_12_2_4,Xylaria,1,PSG_12_2,PSG_12,PSG,PSG
PSG_12_2_5,Eutypa,1,PSG_12_2,PSG_12,PSG,PSG
PSG_12_2_6,Colletotrichum,1,PSG_12_2,PSG_12,PSG,PSG
PSG_13_1_10,Muscodor,1,PSG_13_1,PSG_13,PSG,PSG
PSG_13_1_11,Valsa,1,PSG_13_1,PSG_13,PSG,PSG
PSG_13_1_12,Guignardia,1,PSG_13_1,PSG_13,PSG,PSG
PSG_13_1_13,Hypoxylon,1,PSG_13_1,PSG_13,PSG,PSG
PSG_13_1_16,Anthostomella,1,PSG_13_1,PSG_13,PSG,PSG
PSG_13_1_17,Colletotrichum,1,PSG_13_1,PSG_13,PSG,PSG
PSG_13_1_18,Annulohypoxylon,1,PSG_13_1,PSG_13,PSG,PSG
PSG_13_1_19,Anthostomella,1,PSG_13_1,PSG_13,PSG,PSG
PSG_13_1_2,Pleurostoma,1,PSG_13_1,PSG_13,PSG,PSG
PSG_13_1_20,Xylaria,1,PSG_13_1,PSG_13,PSG,PSG
PSG_13_1_21,Entonaema,1,PSG_13_1,PSG_13,PSG,PSG
PSG_13_1_22,Scytalidium,1,PSG_13_1,PSG_13,PSG,PSG
PSG_13_1_23,Xylaria,1,PSG_13_1,PSG_13,PSG,PSG
PSG_13_1_24,Ophiocordyceps,1,PSG_13_1,PSG_13,PSG,PSG
PSG_13_1_26,Endomelanconiopsis,1,PSG_13_1,PSG_13,PSG,PSG
PSG_13_1_28,Anthostomella,1,PSG_13_1,PSG_13,PSG,PSG
PSG_13_1_29,Annulohypoxylon,1,PSG_13_1,PSG_13,PSG,PSG
PSG_13_1_30,Pleurostoma,1,PSG_13_1,PSG_13,PSG,PSG
PSG_13_1_33,Colletotrichum,1,PSG_13_1,PSG_13,PSG,PSG
PSG_13_1_34,Colletotrichum,1,PSG_13_1,PSG_13,PSG,PSG
PSG_13_1_36,Geosmithia,1,PSG_13_1,PSG_13,PSG,PSG
PSG_13_1_37,Guignardia,1,PSG_13_1,PSG_13,PSG,PSG
PSG_13_1_38,Anthostomella,1,PSG_13_1,PSG_13,PSG,PSG
PSG_13_1_40,Xylaria,1,PSG_13_1,PSG_13,PSG,PSG
PSG_13_1_6,Xylaria,1,PSG_13_1,PSG_13,PSG,PSG
PSG_13_1_7,Entonaema,1,PSG_13_1,PSG_13,PSG,PSG
PSG_13_1_8,Phoma,1,PSG_13_1,PSG_13,PSG,PSG
PSG_13_1_9,Xylaria,1,PSG_13_1,PSG_13,PSG,PSG
PSG_13_2_1,Nemania,1,PSG_13_2,PSG_13,PSG,PSG
PSG_13_2_10,Colletotrichum,1,PSG_13_2,PSG_13,PSG,PSG
PSG_13_2_12,Entonaema,1,PSG_13_2,PSG_13,PSG,PSG
PSG_13_2_13,Hypoxylon,1,PSG_13_2,PSG_13,PSG,PSG
PSG_13_2_14,Pleurostoma,1,PSG_13_2,PSG_13,PSG,PSG
PSG_13_2_16,Colletotrichum,1,PSG_13_2,PSG_13,PSG,PSG
PSG_13_2_17,Calonectria,1,PSG_13_2,PSG_13,PSG,PSG
PSG_13_2_18,Thielavia,1,PSG_13_2,PSG_13,PSG,PSG
PSG_13_2_19,Valsa,1,PSG_13_2,PSG_13,PSG,PSG
PSG_13_2_2,Chaetomium,1,PSG_13_2,PSG_13,PSG,PSG
PSG_13_2_20,Xylaria,1,PSG_13_2,PSG_13,PSG,PSG
PSG_13_2_24,Xylaria,1,PSG_13_2,PSG_13,PSG,PSG
PSG_13_2_25,Colletotrichum,1,PSG_13_2,PSG_13,PSG,PSG
PSG_13_2_26,Valsa,1,PSG_13_2,PSG_13,PSG,PSG
PSG_13_2_27,Glomerella,1,PSG_13_2,PSG_13,PSG,PSG
PSG_13_2_28,Xylaria,1,PSG_13_2,PSG_13,PSG,PSG
PSG_13_2_29,Colletotrichum,1,PSG_13_2,PSG_13,PSG,PSG
PSG_13_2_3,Diaporthe,1,PSG_13_2,PSG_13,PSG,PSG
PSG_13_2_30,Anthostomella,1,PSG_13_2,PSG_13,PSG,PSG
PSG_13_2_32,Xylaria,1,PSG_13_2,PSG_13,PSG,PSG
PSG_13_2_33,Guignardia,1,PSG_13_2,PSG_13,PSG,PSG
PSG_13_2_35,Hypoxylon,1,PSG_13_2,PSG_13,PSG,PSG
PSG_13_2_36,Xylaria,1,PSG_13_2,PSG_13,PSG,PSG
PSG_13_2_37,Scytalidium,1,PSG_13_2,PSG_13,PSG,PSG
PSG_13_2_38,Anthostomella,1,PSG_13_2,PSG_13,PSG,PSG
PSG_13_2_40,Anthostomella,1,PSG_13_2,PSG_13,PSG,PSG
PSG_13_2_6,Valsa,1,PSG_13_2,PSG_13,PSG,PSG
PSG_13_2_7,Guignardia,1,PSG_13_2,PSG_13,PSG,PSG
PSG_13_2_8,Valsa,1,PSG_13_2,PSG_13,PSG,PSG
PSG_13_3_1,Colletotrichum,1,PSG_13_3,PSG_13,PSG,PSG
PSG_13_3_11,Xylaria,1,PSG_13_3,PSG_13,PSG,PSG
PSG_13_3_13,Colletotrichum,1,PSG_13_3,PSG_13,PSG,PSG
PSG_13_3_15,Pleurostoma,1,PSG_13_3,PSG_13,PSG,PSG
PSG_13_3_17,Diaporthe,1,PSG_13_3,PSG_13,PSG,PSG
PSG_13_3_19,Colletotrichum,1,PSG_13_3,PSG_13,PSG,PSG
PSG_13_3_22,Guignardia,1,PSG_13_3,PSG_13,PSG,PSG
PSG_13_3_23,Anthostomella,1,PSG_13_3,PSG_13,PSG,PSG
PSG_13_3_26,Xylaria,1,PSG_13_3,PSG_13,PSG,PSG
PSG_13_3_29,Geosmithia,1,PSG_13_3,PSG_13,PSG,PSG
PSG_13_3_3,Cryptodiaporthe,1,PSG_13_3,PSG_13,PSG,PSG
PSG_13_3_31,Hypoxylon,1,PSG_13_3,PSG_13,PSG,PSG
PSG_13_3_32,Guignardia,1,PSG_13_3,PSG_13,PSG,PSG
PSG_13_3_33,Anthostomella,1,PSG_13_3,PSG_13,PSG,PSG
PSG_13_3_36,Pseudovalsaria,1,PSG_13_3,PSG_13,PSG,PSG
PSG_13_3_37,Guignardia,1,PSG_13_3,PSG_13,PSG,PSG
PSG_13_3_4,Anthostomella,1,PSG_13_3,PSG_13,PSG,PSG
PSG_13_3_40,Daldinia,1,PSG_13_3,PSG_13,PSG,PSG
PSG_13_3_6,Pseudovalsaria,1,PSG_13_3,PSG_13,PSG,PSG
PSG_13_3_7,Colletotrichum,1,PSG_13_3,PSG_13,PSG,PSG
PSG_13_4_1,Anthostomella,1,PSG_13_4,PSG_13,PSG,PSG
PSG_13_4_10,Pleurostoma,1,PSG_13_4,PSG_13,PSG,PSG
PSG_13_4_11,Pleurostoma,1,PSG_13_4,PSG_13,PSG,PSG
PSG_13_4_12,Phyllosticta,1,PSG_13_4,PSG_13,PSG,PSG
PSG_13_4_13,Guignardia,1,PSG_13_4,PSG_13,PSG,PSG
PSG_13_4_14,Colletotrichum,1,PSG_13_4,PSG_13,PSG,PSG
PSG_13_4_15,Guignardia,1,PSG_13_4,PSG_13,PSG,PSG
PSG_13_4_16,Guignardia,1,PSG_13_4,PSG_13,PSG,PSG
PSG_13_4_17,Xylaria,1,PSG_13_4,PSG_13,PSG,PSG
PSG_13_4_19,Sigmoidea,1,PSG_13_4,PSG_13,PSG,PSG
PSG_13_4_2,Colletotrichum,1,PSG_13_4,PSG_13,PSG,PSG
PSG_13_4_20,Pleurostoma,1,PSG_13_4,PSG_13,PSG,PSG
PSG_13_4_21,Hypoxylon,1,PSG_13_4,PSG_13,PSG,PSG
PSG_13_4_22,Chaetomium,1,PSG_13_4,PSG_13,PSG,PSG
PSG_13_4_24,Guignardia,1,PSG_13_4,PSG_13,PSG,PSG
PSG_13_4_27,Guignardia,1,PSG_13_4,PSG_13,PSG,PSG
PSG_13_4_28,Hypoxylon,1,PSG_13_4,PSG_13,PSG,PSG
PSG_13_4_29,Colletotrichum,1,PSG_13_4,PSG_13,PSG,PSG
PSG_13_4_31,Guignardia,1,PSG_13_4,PSG_13,PSG,PSG
PSG_13_4_34,Xylaria,1,PSG_13_4,PSG_13,PSG,PSG
PSG_13_4_35,Xylaria,1,PSG_13_4,PSG_13,PSG,PSG
PSG_13_4_39,Guignardia,1,PSG_13_4,PSG_13,PSG,PSG
PSG_13_4_4,Podospora,1,PSG_13_4,PSG_13,PSG,PSG
PSG_13_4_40,Guignardia,1,PSG_13_4,PSG_13,PSG,PSG
PSG_13_4_5,Xylaria,1,PSG_13_4,PSG_13,PSG,PSG
PSG_13_4_7,Colletotrichum,1,PSG_13_4,PSG_13,PSG,PSG
PSG_13_4_8,Glomerella,1,PSG_13_4,PSG_13,PSG,PSG
PSG_13_4_9,Guignardia,1,PSG_13_4,PSG_13,PSG,PSG
PSG_2_1_1,Guignardia,1,PSG_2_1,PSG_2,PSG,PSG
PSG_2_1_16,Xylaria,1,PSG_2_1,PSG_2,PSG,PSG
PSG_2_1_18,Xylaria,1,PSG_2_1,PSG_2,PSG,PSG
PSG_2_1_20,Xylaria,1,PSG_2_1,PSG_2,PSG,PSG
PSG_2_1_23,Xylaria,1,PSG_2_1,PSG_2,PSG,PSG
PSG_2_1_3,Anthostomella,1,PSG_2_1,PSG_2,PSG,PSG
PSG_2_1_7,Phaeocytostroma,1,PSG_2_1,PSG_2,PSG,PSG
PSG_2_2_10,Nemania,1,PSG_2_2,PSG_2,PSG,PSG
PSG_2_2_15,Pseudovalsaria,1,PSG_2_2,PSG_2,PSG,PSG
PSG_2_2_16,Bionectria,1,PSG_2_2,PSG_2,PSG,PSG
PSG_2_2_17,Xylaria,1,PSG_2_2,PSG_2,PSG,PSG
PSG_2_2_19,Colletotrichum,1,PSG_2_2,PSG_2,PSG,PSG
PSG_2_2_21,Colletotrichum,1,PSG_2_2,PSG_2,PSG,PSG
PSG_2_2_25,Colletotrichum,1,PSG_2_2,PSG_2,PSG,PSG
PSG_2_2_3,Xylaria,1,PSG_2_2,PSG_2,PSG,PSG
PSG_3_1_22,Xylaria,1,PSG_3_1,PSG_3,PSG,PSG
PSG_3_1_24,Phaeoacremonium,1,PSG_3_1,PSG_3,PSG,PSG
PSG_3_1_4,Rosellinia,1,PSG_3_1,PSG_3,PSG,PSG
PSG_3_1_6,Valsa,1,PSG_3_1,PSG_3,PSG,PSG
PSG_3_1_9,Colletotrichum,1,PSG_3_1,PSG_3,PSG,PSG
PSG_3_2_11,Oidiodendron,1,PSG_3_2,PSG_3,PSG,PSG
PSG_3_2_14,Seimatosporium,1,PSG_3_2,PSG_3,PSG,PSG
PSG_3_2_17,Diaporthe,1,PSG_3_2,PSG_3,PSG,PSG
PSG_3_2_18,Glomerella,1,PSG_3_2,PSG_3,PSG,PSG
PSG_3_2_2,Colletotrichum,1,PSG_3_2,PSG_3,PSG,PSG
PSG_3_3_22,Glomerella,1,PSG_3_3,PSG_3,PSG,PSG
PSG_3_4_13,Anthostomella,1,PSG_3_4,PSG_3,PSG,PSG
PSG_3_4_15,Zopfiella,1,PSG_3_4,PSG_3,PSG,PSG
PSG_3_4_17,Oidiodendron,1,PSG_3_4,PSG_3,PSG,PSG
PSG_3_4_3,Podospora,1,PSG_3_4,PSG_3,PSG,PSG
PSG_3_5_3,Glomerella,1,PSG_3_5,PSG_3,PSG,PSG
PSG_3_5_8,Zopfiella,1,PSG_3_5,PSG_3,PSG,PSG
PSG_4_1_11,Eutypa,1,PSG_4_1,PSG_4,PSG,PSG
PSG_4_1_13,Podospora,1,PSG_4_1,PSG_4,PSG,PSG
PSG_4_1_14,Colletotrichum,1,PSG_4_1,PSG_4,PSG,PSG
PSG_4_1_15,Xylaria,1,PSG_4_1,PSG_4,PSG,PSG
PSG_4_1_16,Massarina,1,PSG_4_1,PSG_4,PSG,PSG
PSG_4_1_17,Xylaria,1,PSG_4_1,PSG_4,PSG,PSG
PSG_4_1_18,Anthostomella,1,PSG_4_1,PSG_4,PSG,PSG
PSG_4_1_19,Anthostomella,1,PSG_4_1,PSG_4,PSG,PSG
PSG_4_1_2,Xylaria,1,PSG_4_1,PSG_4,PSG,PSG
PSG_4_1_23,Xylaria,1,PSG_4_1,PSG_4,PSG,PSG
PSG_4_1_4,Oidiodendron,1,PSG_4_1,PSG_4,PSG,PSG
PSG_4_1_5,Falcocladium,1,PSG_4_1,PSG_4,PSG,PSG
PSG_4_1_8,Xylaria,1,PSG_4_1,PSG_4,PSG,PSG
PSG_4_2_11,Hypoxylon,1,PSG_4_2,PSG_4,PSG,PSG
PSG_4_2_5,Diatrypella,1,PSG_4_2,PSG_4,PSG,PSG
PSG_4_2_8,Xylaria,1,PSG_4_2,PSG_4,PSG,PSG
PSG_4_3_11,Bionectria,1,PSG_4_3,PSG_4,PSG,PSG
PSG_4_3_14,Colletotrichum,1,PSG_4_3,PSG_4,PSG,PSG
PSG_4_3_15,Anthostomella,1,PSG_4_3,PSG_4,PSG,PSG
PSG_4_3_2,Diaporthe,1,PSG_4_3,PSG_4,PSG,PSG
PSG_4_3_24,Valsa,1,PSG_4_3,PSG_4,PSG,PSG
PSG_4_3_7,Campylospora,1,PSG_4_3,PSG_4,PSG,PSG
PSG_4_3_9,Glomerella,1,PSG_4_3,PSG_4,PSG,PSG
PSG_4_4_10,Anthostomella,1,PSG_4_4,PSG_4,PSG,PSG
PSG_4_4_13,Anthostomella,1,PSG_4_4,PSG_4,PSG,PSG
PSG_4_4_14,Xylaria,1,PSG_4_4,PSG_4,PSG,PSG
PSG_4_4_15,Anthostomella,1,PSG_4_4,PSG_4,PSG,PSG
PSG_4_4_18,Anthostomella,1,PSG_4_4,PSG_4,PSG,PSG
PSG_4_4_2,Anthostomella,1,PSG_4_4,PSG_4,PSG,PSG
PSG_4_4_20,Phaeoacremonium,1,PSG_4_4,PSG_4,PSG,PSG
PSG_4_4_21,Anthostomella,1,PSG_4_4,PSG_4,PSG,PSG
PSG_4_4_22,Anthostomella,1,PSG_4_4,PSG_4,PSG,PSG
PSG_4_4_25,Anthostomella,1,PSG_4_4,PSG_4,PSG,PSG
PSG_4_4_3,Xylaria,1,PSG_4_4,PSG_4,PSG,PSG
PSG_4_4_4,Anthostomella,1,PSG_4_4,PSG_4,PSG,PSG
PSG_4_4_9,Phaeoacremonium,1,PSG_4_4,PSG_4,PSG,PSG
PSG_4_5_12,Xylaria,1,PSG_4_5,PSG_4,PSG,PSG
PSG_4_5_15,Xylaria,1,PSG_4_5,PSG_4,PSG,PSG
PSG_4_5_16,Xylaria,1,PSG_4_5,PSG_4,PSG,PSG
PSG_4_5_2,Anthostomella,1,PSG_4_5,PSG_4,PSG,PSG
PSG_4_5_27,Anthostomella,1,PSG_4_5,PSG_4,PSG,PSG
PSG_4_5_3,Xylaria,1,PSG_4_5,PSG_4,PSG,PSG
PSG_4_5_32,Xylaria,1,PSG_4_5,PSG_4,PSG,PSG
PSG_4_5_37,Xylaria,1,PSG_4_5,PSG_4,PSG,PSG
PSG_4_5_38,Colletotrichum,1,PSG_4_5,PSG_4,PSG,PSG
PSG_4_5_39,Xylaria,1,PSG_4_5,PSG_4,PSG,PSG
PSG_4_5_42,Anthostomella,1,PSG_4_5,PSG_4,PSG,PSG
PSG_4_5_9,Anthostomella,1,PSG_4_5,PSG_4,PSG,PSG
PSG_4_6_11,Anthostomella,1,PSG_4_6,PSG_4,PSG,PSG
PSG_4_6_17,Xylaria,1,PSG_4_6,PSG_4,PSG,PSG
PSG_4_6_22,Anthostomella,1,PSG_4_6,PSG_4,PSG,PSG
PSG_4_6_24,Eutypa,1,PSG_4_6,PSG_4,PSG,PSG
PSG_4_6_30,Anthostomella,1,PSG_4_6,PSG_4,PSG,PSG
PSG_4_6_34,Xylaria,1,PSG_4_6,PSG_4,PSG,PSG
PSG_4_6_35,Colletotrichum,1,PSG_4_6,PSG_4,PSG,PSG
PSG_4_6_38,Anthostomella,1,PSG_4_6,PSG_4,PSG,PSG
PSG_4_6_6,Melanconiella,1,PSG_4_6,PSG_4,PSG,PSG
PSG_4_6_8,Phyllosticta,1,PSG_4_6,PSG_4,PSG,PSG
PSG_4_6_9,Guignardia,1,PSG_4_6,PSG_4,PSG,PSG
PSG_4_7_1,Anthostomella,1,PSG_4_7,PSG_4,PSG,PSG
PSG_4_7_11,Xylaria,1,PSG_4_7,PSG_4,PSG,PSG
PSG_4_7_12,Anthostomella,1,PSG_4_7,PSG_4,PSG,PSG
PSG_4_7_15,Anthostomella,1,PSG_4_7,PSG_4,PSG,PSG
PSG_4_7_17,Daldinia,1,PSG_4_7,PSG_4,PSG,PSG
PSG_4_7_26,Anthostomella,1,PSG_4_7,PSG_4,PSG,PSG
PSG_4_7_29,Anthostomella,1,PSG_4_7,PSG_4,PSG,PSG
PSG_4_7_30,Colletotrichum,1,PSG_4_7,PSG_4,PSG,PSG
PSG_4_7_31,Anthostomella,1,PSG_4_7,PSG_4,PSG,PSG
PSG_4_7_32,Xylaria,1,PSG_4_7,PSG_4,PSG,PSG
PSG_4_7_36,Anthostomella,1,PSG_4_7,PSG_4,PSG,PSG
PSG_4_7_38,Daldinia,1,PSG_4_7,PSG_4,PSG,PSG
PSG_4_7_4,Diaporthe,1,PSG_4_7,PSG_4,PSG,PSG
PSG_4_7_5,Xylaria,1,PSG_4_7,PSG_4,PSG,PSG
PSG_4_7_6,Nectria,1,PSG_4_7,PSG_4,PSG,PSG
PSG_5_1_1,Phaeoacremonium,1,PSG_5_1,PSG_5,PSG,PSG
PSG_5_1_15,Morchella,1,PSG_5_1,PSG_5,PSG,PSG
PSG_5_1_25,Anthostomella,1,PSG_5_1,PSG_5,PSG,PSG
PSG_5_1_31,Anthostomella,1,PSG_5_1,PSG_5,PSG,PSG
PSG_5_1_32,Coniolariella,1,PSG_5_1,PSG_5,PSG,PSG
PSG_5_1_39,Xylaria,1,PSG_5_1,PSG_5,PSG,PSG
PSG_5_1_40,Anthostomella,1,PSG_5_1,PSG_5,PSG,PSG
PSG_5_2_21,Xylaria,1,PSG_5_2,PSG_5,PSG,PSG
PSG_5_2_26,Anthostomella,1,PSG_5_2,PSG_5,PSG,PSG
PSG_5_2_30,Hypoxylon,1,PSG_5_2,PSG_5,PSG,PSG
PSG_5_2_31,Colletotrichum,1,PSG_5_2,PSG_5,PSG,PSG
PSG_5_2_33,Anthostomella,1,PSG_5_2,PSG_5,PSG,PSG
PSG_5_2_9,Anthostomella,1,PSG_5_2,PSG_5,PSG,PSG
PSG_5_3_12,Muscodor,1,PSG_5_3,PSG_5,PSG,PSG
PSG_5_3_13,Geosmithia,1,PSG_5_3,PSG_5,PSG,PSG
PSG_5_3_19,Podospora,1,PSG_5_3,PSG_5,PSG,PSG
PSG_5_3_20,Colletotrichum,1,PSG_5_3,PSG_5,PSG,PSG
PSG_5_3_30,Hypoxylon,1,PSG_5_3,PSG_5,PSG,PSG
PSG_5_3_39,Anthostomella,1,PSG_5_3,PSG_5,PSG,PSG
PSG_5_3_4,Anthostomella,1,PSG_5_3,PSG_5,PSG,PSG
PSG_5_4_1,Xylaria,1,PSG_5_4,PSG_5,PSG,PSG
PSG_5_4_13,Colletotrichum,1,PSG_5_4,PSG_5,PSG,PSG
PSG_5_4_16,Xylaria,1,PSG_5_4,PSG_5,PSG,PSG
PSG_5_4_2,Eutypa,1,PSG_5_4,PSG_5,PSG,PSG
PSG_5_4_3,Muscodor,1,PSG_5_4,PSG_5,PSG,PSG
PSG_5_4_31,Xylaria,1,PSG_5_4,PSG_5,PSG,PSG
PSG_5_4_32,Xylaria,1,PSG_5_4,PSG_5,PSG,PSG
PSG_5_4_34,Diaporthe,1,PSG_5_4,PSG_5,PSG,PSG
PSG_5_4_38,Anthostomella,1,PSG_5_4,PSG_5,PSG,PSG
PSG_5_4_9,Anthostomella,1,PSG_5_4,PSG_5,PSG,PSG
PSG_5_5_10,Anthostomella,1,PSG_5_5,PSG_5,PSG,PSG
PSG_5_5_13,Oidiodendron,1,PSG_5_5,PSG_5,PSG,PSG
PSG_5_5_15,Anthostomella,1,PSG_5_5,PSG_5,PSG,PSG
PSG_5_5_17,Anthostomella,1,PSG_5_5,PSG_5,PSG,PSG
PSG_5_5_2,Colletotrichum,1,PSG_5_5,PSG_5,PSG,PSG
PSG_5_5_21,Anthostomella,1,PSG_5_5,PSG_5,PSG,PSG
PSG_5_5_24,Anthostomella,1,PSG_5_5,PSG_5,PSG,PSG
PSG_5_5_26,Anthostomella,1,PSG_5_5,PSG_5,PSG,PSG
PSG_5_5_28,Anthostomella,1,PSG_5_5,PSG_5,PSG,PSG
PSG_5_5_3,Pestalotiopsis,1,PSG_5_5,PSG_5,PSG,PSG
PSG_5_5_33,Xylaria,1,PSG_5_5,PSG_5,PSG,PSG
PSG_5_5_5,Anthostomella,1,PSG_5_5,PSG_5,PSG,PSG
PSG_5_5_7,Coniolariella,1,PSG_5_5,PSG_5,PSG,PSG
PSG_5_6_1,Entonaema,1,PSG_5_6,PSG_5,PSG,PSG
PSG_5_6_12,Anthostomella,1,PSG_5_6,PSG_5,PSG,PSG
PSG_5_6_14,Bionectria,1,PSG_5_6,PSG_5,PSG,PSG
PSG_5_6_18,Valsa,1,PSG_5_6,PSG_5,PSG,PSG
PSG_5_6_2,Daldinia,1,PSG_5_6,PSG_5,PSG,PSG
PSG_5_6_28,Xylaria,1,PSG_5_6,PSG_5,PSG,PSG
PSG_5_6_3,Xylaria,1,PSG_5_6,PSG_5,PSG,PSG
PSG_5_6_32,Xylaria,1,PSG_5_6,PSG_5,PSG,PSG
PSG_5_6_37,Eutypa,1,PSG_5_6,PSG_5,PSG,PSG
PSG_5_6_38,Anthostomella,1,PSG_5_6,PSG_5,PSG,PSG
PSG_6_1_1,Anthostomella,1,PSG_6_1,PSG_6,PSG,PSG
PSG_6_1_11,Anthostomella,1,PSG_6_1,PSG_6,PSG,PSG
PSG_6_1_12,Colletotrichum,1,PSG_6_1,PSG_6,PSG,PSG
PSG_6_1_19,Xylaria,1,PSG_6_1,PSG_6,PSG,PSG
PSG_6_1_23,Colletotrichum,1,PSG_6_1,PSG_6,PSG,PSG
PSG_6_1_28,Colletotrichum,1,PSG_6_1,PSG_6,PSG,PSG
PSG_6_1_33,Entonaema,1,PSG_6_1,PSG_6,PSG,PSG
PSG_6_1_8,Colletotrichum,1,PSG_6_1,PSG_6,PSG,PSG
PSG_6_2_10,Anthostomella,1,PSG_6_2,PSG_6,PSG,PSG
PSG_6_2_13,Campylospora,1,PSG_6_2,PSG_6,PSG,PSG
PSG_6_2_3,Thielavia,1,PSG_6_2,PSG_6,PSG,PSG
PSG_6_2_31,Hypoxylon,1,PSG_6_2,PSG_6,PSG,PSG
PSG_6_3_13,Daldinia,1,PSG_6_3,PSG_6,PSG,PSG
PSG_6_3_15,Xylaria,1,PSG_6_3,PSG_6,PSG,PSG
PSG_6_3_26,Xylaria,1,PSG_6_3,PSG_6,PSG,PSG
PSG_6_3_37,Phyllosticta,1,PSG_6_3,PSG_6,PSG,PSG
PSG_6_3_9,Diaporthe,1,PSG_6_3,PSG_6,PSG,PSG
PSG_6_4_1,Diaporthe,1,PSG_6_4,PSG_6,PSG,PSG
PSG_6_4_22,Nemania,1,PSG_6_4,PSG_6,PSG,PSG
PSG_6_4_29,Anthostomella,1,PSG_6_4,PSG_6,PSG,PSG
PSG_6_4_34,Anthostomella,1,PSG_6_4,PSG_6,PSG,PSG
PSG_6_4_4,Colletotrichum,1,PSG_6_4,PSG_6,PSG,PSG
PSG_6_4_8,Colletotrichum,1,PSG_6_4,PSG_6,PSG,PSG
PSG_6_5_20,Daldinia,1,PSG_6_5,PSG_6,PSG,PSG
PSG_6_5_25,Xylaria,1,PSG_6_5,PSG_6,PSG,PSG
PSG_6_5_5,Xylaria,1,PSG_6_5,PSG_6,PSG,PSG
PSG_6_6_23,Anthostomella,1,PSG_6_6,PSG_6,PSG,PSG
PSG_6_6_26,Anthostomella,1,PSG_6_6,PSG_6,PSG,PSG
PSG_6_6_9,Xylaria,1,PSG_6_6,PSG_6,PSG,PSG
PSG_6_7_34,Coniothyrium,1,PSG_6_7,PSG_6,PSG,PSG
PSG_6_8_1,Xylaria,1,PSG_6_8,PSG_6,PSG,PSG
PSG_6_8_2,Xylaria,1,PSG_6_8,PSG_6,PSG,PSG
PSG_6_8_29,Anthostomella,1,PSG_6_8,PSG_6,PSG,PSG
PSG_6_8_32,Xylaria,1,PSG_6_8,PSG_6,PSG,PSG
PSG_6_8_38,Xylaria,1,PSG_6_8,PSG_6,PSG,PSG
PSG_6_8_40,Anthostomella,1,PSG_6_8,PSG_6,PSG,PSG
PSG_6_8_5,Anthostomella,1,PSG_6_8,PSG_6,PSG,PSG
PSG_7_1_13,Phyllosticta,1,PSG_7_1,PSG_7,PSG,PSG
PSG_7_1_15,Colletotrichum,1,PSG_7_1,PSG_7,PSG,PSG
PSG_7_1_16,Melanconium,1,PSG_7_1,PSG_7,PSG,PSG
PSG_7_1_2,Pleurostoma,1,PSG_7_1,PSG_7,PSG,PSG
PSG_7_1_21,Melanconium,1,PSG_7_1,PSG_7,PSG,PSG
PSG_7_1_27,Geosmithia,1,PSG_7_1,PSG_7,PSG,PSG
PSG_7_1_32,Glomerella,1,PSG_7_1,PSG_7,PSG,PSG
PSG_7_1_33,Xylaria,1,PSG_7_1,PSG_7,PSG,PSG
PSG_7_1_34,Colletotrichum,1,PSG_7_1,PSG_7,PSG,PSG
PSG_7_1_39,Guignardia,1,PSG_7_1,PSG_7,PSG,PSG
PSG_7_1_40,Valsa,1,PSG_7_1,PSG_7,PSG,PSG
PSG_7_2_1,Guignardia,1,PSG_7_2,PSG_7,PSG,PSG
PSG_7_2_11,Colletotrichum,1,PSG_7_2,PSG_7,PSG,PSG
PSG_7_2_13,Botryosphaeria,1,PSG_7_2,PSG_7,PSG,PSG
PSG_7_2_14,Guignardia,1,PSG_7_2,PSG_7,PSG,PSG
PSG_7_2_15,Colletotrichum,1,PSG_7_2,PSG_7,PSG,PSG
PSG_7_2_2,Nemania,1,PSG_7_2,PSG_7,PSG,PSG
PSG_7_2_21,Colletotrichum,1,PSG_7_2,PSG_7,PSG,PSG
PSG_7_2_22,Muscodor,1,PSG_7_2,PSG_7,PSG,PSG
PSG_7_2_26,Xylaria,1,PSG_7_2,PSG_7,PSG,PSG
PSG_7_2_29,Guignardia,1,PSG_7_2,PSG_7,PSG,PSG
PSG_7_2_32,Anthostomella,1,PSG_7_2,PSG_7,PSG,PSG
PSG_7_2_35,Anthostomella,1,PSG_7_2,PSG_7,PSG,PSG
PSG_7_2_37,Phaeoacremonium,1,PSG_7_2,PSG_7,PSG,PSG
PSG_7_2_4,Anthostomella,1,PSG_7_2,PSG_7,PSG,PSG
PSG_7_2_5,Colletotrichum,1,PSG_7_2,PSG_7,PSG,PSG
PSG_7_2_7,Colletotrichum,1,PSG_7_2,PSG_7,PSG,PSG
PSG_7_2_9,Diaporthe,1,PSG_7_2,PSG_7,PSG,PSG
PSG_7_3_20,Guignardia,1,PSG_7_3,PSG_7,PSG,PSG
PSG_7_3_22,Pseudovalsaria,1,PSG_7_3,PSG_7,PSG,PSG
PSG_7_3_23,Phyllosticta,1,PSG_7_3,PSG_7,PSG,PSG
PSG_7_3_25,Phyllosticta,1,PSG_7_3,PSG_7,PSG,PSG
PSG_7_3_26,Guignardia,1,PSG_7_3,PSG_7,PSG,PSG
PSG_7_3_31,Xylaria,1,PSG_7_3,PSG_7,PSG,PSG
PSG_7_3_38,Colletotrichum,1,PSG_7_3,PSG_7,PSG,PSG
PSG_7_3_8,Chaetomium,1,PSG_7_3,PSG_7,PSG,PSG
PSG_7_3_9,Diaporthe,1,PSG_7_3,PSG_7,PSG,PSG
PSG_7_4_1,Colletotrichum,1,PSG_7_4,PSG_7,PSG,PSG
PSG_7_4_10,Xylaria,1,PSG_7_4,PSG_7,PSG,PSG
PSG_7_4_15,Melanconium,1,PSG_7_4,PSG_7,PSG,PSG
PSG_7_4_21,Colletotrichum,1,PSG_7_4,PSG_7,PSG,PSG
PSG_7_4_23,Colletotrichum,1,PSG_7_4,PSG_7,PSG,PSG
PSG_7_4_25,Guignardia,1,PSG_7_4,PSG_7,PSG,PSG
PSG_7_4_29,Therrya,1,PSG_7_4,PSG_7,PSG,PSG
PSG_7_4_3,Anthostomella,1,PSG_7_4,PSG_7,PSG,PSG
PSG_7_4_31,Guignardia,1,PSG_7_4,PSG_7,PSG,PSG
PSG_7_4_33,Guignardia,1,PSG_7_4,PSG_7,PSG,PSG
PSG_7_4_34,Scytalidium,1,PSG_7_4,PSG_7,PSG,PSG
PSG_7_4_9,Trichothecium,1,PSG_7_4,PSG_7,PSG,PSG
PSG_7_5_10,Colletotrichum,1,PSG_7_5,PSG_7,PSG,PSG
PSG_7_5_17,Guignardia,1,PSG_7_5,PSG_7,PSG,PSG
PSG_7_5_2,Colletotrichum,1,PSG_7_5,PSG_7,PSG,PSG
PSG_7_5_20,Anthostomella,1,PSG_7_5,PSG_7,PSG,PSG
PSG_7_5_25,Anthostomella,1,PSG_7_5,PSG_7,PSG,PSG
PSG_7_5_8,Guignardia,1,PSG_7_5,PSG_7,PSG,PSG
PSG_8_1_1,Anthostomella,1,PSG_8_1,PSG_8,PSG,PSG
PSG_8_1_15,Guignardia,1,PSG_8_1,PSG_8,PSG,PSG
PSG_8_1_18,Diaporthe,1,PSG_8_1,PSG_8,PSG,PSG
PSG_8_1_22,Guignardia,1,PSG_8_1,PSG_8,PSG,PSG
PSG_8_1_8,Xylaria,1,PSG_8_1,PSG_8,PSG,PSG
PSG_8_2_18,Anthostomella,1,PSG_8_2,PSG_8,PSG,PSG
PSG_8_2_29,Guignardia,1,PSG_8_2,PSG_8,PSG,PSG
PSG_8_3_10,Guignardia,1,PSG_8_3,PSG_8,PSG,PSG
PSG_8_3_15,Pestalotiopsis,1,PSG_8_3,PSG_8,PSG,PSG
PSG_8_3_3,Xylaria,1,PSG_8_3,PSG_8,PSG,PSG
PSG_8_3_33,Nemania,1,PSG_8_3,PSG_8,PSG,PSG
PSG_9_1_16,Anthostomella,1,PSG_9_1,PSG_9,PSG,PSG
PSG_9_1_18,Prosthecium,1,PSG_9_1,PSG_9,PSG,PSG
PSG_9_1_5,Anthostomella,1,PSG_9_1,PSG_9,PSG,PSG
PSG_9_3_1,Coniolariella,1,PSG_9_3,PSG_9,PSG,PSG
PSG_9_4_18,Lachnum,1,PSG_9_4,PSG_9,PSG,PSG
PSG_9_5_21,Diaporthe,1,PSG_9_5,PSG_9,PSG,PSG
PSG_9_5_23,Xylaria,1,PSG_9_5,PSG_9,PSG,PSG
PSG_9_5_24,Anthostomella,1,PSG_9_5,PSG_9,PSG,PSG
